"date","elev_min","elev_max","elev_median","elev_mean","elev_range","flow","total_precip","mean_temp","u","v","windspd","wind_deg"
"1994-04-20",1.82,4.17,2.96,2.95333333333333,2.35,3950,0,11.1,3.07818128993101,-8.45723358707318,9.83333333333333,-66.1231955917019
"1994-04-22",2.05,4.24,2.96,3.03208333333333,2.19,4610,0,10.7,-1.36808057330267,1.73205080756888,7,121.273604968849
"1994-04-25",0.85,4.67,3.34,3.15291666666667,3.82,5510,0,9.8,4.44453631651433,-16.8708659006038,13.375,-78.2776325712029
"1994-04-26",0.52,4.52,3.31,3.03791666666667,4,5750,1.2,12.7,-2.38806125833734e-15,-4.44626186323369,9.625,-148.063099333843
"1994-04-28",0.32,4.53,3.28,2.96208333333333,4.21,5570,0,13.1,-4.90428648253327,9.6683094143225,12.8333333333333,124.096773030427
"1994-04-30",0.78,4.45,3.205,2.92708333333333,3.67,5220,0.2,11.4,-4.51485261934019,-13.0227555330226,19.5416666666667,-119.593208804036
"1994-05-02",1.5,4.45,3.055,2.96916666666667,2.95,4950,5.4,10.5,0.607768621834257,1.20498481965213,9.29166666666667,34.7494667159353
"1994-05-04",2.27,4.43,3.01,3.09583333333333,2.16,5130,3.4,13.2,6.06217782649107,-3.28892417275068,12.7083333333333,-10.3822511095522
"1994-05-05",2.01,4.26,2.955,3.03958333333333,2.25,5200,0,12,5.99919136159385,-12.7411168919659,12.4583333333333,-48.2914397299376
"1994-05-06",1.75,4.12,3.015,3.02625,2.37,5190,0,12.9,9.53828200655935,-17.8234150821678,15.875,-55.3433600428142
"1994-05-09",1.19,4.18,3.34,3.07833333333333,2.99,5610,0,15,-3.55978764217207,14.408910588062,14.75,112.157997923745
"1994-05-10",1.08,4.24,3.39,3.05916666666667,3.16,5940,0.2,16.5,5.51091059616309e-16,5.36231110183285,11.625,56.807465940996
"1995-04-14",,,,,,2050,0,8.1,,,,
"1995-04-16",0.69,4.43,3.11,2.9775,3.74,1870,0,8.5,-0.342020143325669,1.92450037379812,6.04166666666667,126.11175180561
"1995-04-21",0.99,4.3,3.105,2.85166666666667,3.31,1750,0,8.4,1.22464679914735e-16,1.28557521937308,7.70833333333333,43.6808261962578
"1995-04-24",2.01,4.31,2.885,2.98958333333333,2.3,1870,0,10.7,9.19626186323369,-13.0227555330226,16.4583333333333,-49.3135016890262
"1995-04-25",1.91,4.31,2.885,3.00416666666667,2.4,2010,0,13.5,5.78508848717885,-8.21033971484981,11.5,-47.5494041253782
"1995-04-26",1.7,4.28,3.13,3.07583333333333,2.58,2160,0,12.2,1.56283359900237,-5.36231110183285,7.29166666666667,-69.8667598014204
"1995-04-28",1.35,4.24,3.31,3.13625,2.89,2510,0,13.7,-6.35437121230358,10.6320040966581,14,127.234321020837
"1995-04-30",1.01,4.31,3.33,3.06333333333333,3.3,2650,0.2,13.1,-2.60472266500395,12.8025007891587,12.9583333333333,101.873312148669
"1995-05-01",1.14,4.44,3.39,3.12583333333333,3.3,2760,0,10.7,10.4636946823356,-15.0216603633575,18,-44.8933564565796
"1995-05-03",1.09,4.29,3.275,2.99708333333333,3.2,2900,1.8,11.7,-1.0313366419852,-6.92820323027551,8.625,-117.250633289123
"1997-04-21",1.6,4.13,3.17,3.05666666666667,2.53,3430,0,8.3,2.95201902033781,-6.8943999880708,12.4583333333333,-37.8884644501964
"1997-04-22",1.42,4.28,3.235,3.10916666666667,2.86,3670,5.6,10.7,-2.32578365647489,3.96316337357498,11.1666666666667,147.327558326297
"1997-04-25",0.89,4.34,3.155,3.00375,3.45,4160,3.4,12.7,-1.04188906600158,7,9.25,92.4550131267427
"1997-04-26",1.05,4.48,3.29,3.08166666666667,3.43,4260,8,15.3,-3.5,2,10.8333333333333,164.205710586375
"1997-04-28",1.18,4.51,3.385,3.05708333333333,3.33,4810,5.2,9.5,-2.25742630967009,12.8025007891587,13.5,105.239185686203
"1997-04-29",1.28,4.43,3.29,3.0525,3.15,5240,1,9.4,-2.60472266500395,-6.28108891324553,9.25,-145.366357083291
"1997-04-30",1.64,4.52,3.16,3.1175,2.88,5840,9.6,7.9,0.781416799501187,7.93163488855494,13.9583333333333,66.2760770194265
"1997-05-01",1.68,4.5,3.04,3.0125,2.82,6130,1.2,10.3,-6.0620016557794e-15,-14.0953893117886,16.9166666666667,-102.220702069111
"1997-05-02",2.04,4.45,3.025,3.08625,2.41,6130,0,11.1,-3.76222157658236,12.8964409229626,15.9583333333333,121.010328041326
"1997-05-03",1.94,4.67,3.075,3.16875,2.73,6020,1.3,12.4,-15,9.95857776054672,16.3333333333333,144.131300204963
"1997-05-04",1.48,4.62,3.29,3.13375,3.14,5860,3.4,10.5,-0.955064977168116,16.358253177284,18.0833333333333,95.3547932356495
"1997-05-05",1.23,4.62,3.28,3.18416666666667,3.39,5710,13.8,10.8,-1.56283359900237,12.8025007891587,12.875,97.8244691203701
"1997-05-06",0.9,4.62,3.425,3.17416666666667,3.72,5690,4.1,10.1,-6.28533185327596,3.53076847612702,10.5833333333333,160.854000476354
"1997-05-07",0.61,4.49,3.335,3.03666666666667,3.88,5710,0,10.1,4.44626186323369,-8.42648887430876,15,-10.1463733388485
"1997-05-12",1.46,4.44,3.24,3.065,2.98,6320,0,16,0.607768621834255,-2.76254220664631,6.41666666666667,-71.3277040388126
"1998-05-02",1.39,4.54,3.315,3.13166666666667,3.15,4100,0,17,-4.51485261934019,14.7721162951831,18.35,130.211363526547
"1998-05-03",1.7,4.57,3.125,3.07833333333333,2.87,4490,0,14.7,-1.56283359900237,3.61143604914069,7.16666666666667,155.257721216492
"1998-05-04",2.04,4.44,3.055,3.12208333333333,2.4,4830,0,14.3,-1.98112540714512,-4.65077105694084,8.79166666666667,-147.279832153216
"1998-05-05",2.33,4.46,3.06,3.21166666666667,2.13,5180,0,14.7,-5.13030214988503,11.5244446766756,14,126.823385700561
"1998-05-06",2.3,4.44,3.15,3.18916666666667,2.14,5590,0,14.3,-6.98253184731137,12.6080020351084,14,123.877069257184
"1998-05-07",2.02,4.32,3.13,3.14291666666667,2.3,5900,0,14.4,-3.07818128993102,3.5,10.5416666666667,165.926024524964
"1998-05-08",1.8,4.24,3.245,3.1275,2.44,6000,2.4,12.2,-3.07818128993102,10.336618828645,10.0416666666667,107.234072206193
"1998-05-09",1.58,4.12,3.17,3.08041666666667,2.54,6000,0,13.2,-1.21553724366851,2.05212085995401,10.5416666666667,139.052408197919
"1998-05-10",1.4,4.19,3.25,3.1275,2.79,5970,0,14,-4.44626186323369,10.336618828645,13.1666666666667,116.437851771576
"1998-05-11",1.31,4.31,3.43,3.16208333333333,3,5960,2.4,12.2,-3.76222157658236,7.12116103712602,10.3333333333333,143.703377496609
"1999-04-20",0.67,4.48,3.265,2.97541666666667,3.81,2280,0.9,8.5,-2.67308001180875,-4.47918699964449,11.9166666666667,-143.16776137125
"1999-04-21",0.87,4.46,3.225,2.96541666666667,3.59,2620,0.2,8.1,-1.56283359900237,-4.43163488855494,14.3333333333333,176.520144579119
"1999-04-22",0.97,4.41,3.13,2.84375,3.44,3050,0,8.7,6.37462469229331,-11.1617759649595,10.125,-57.1318438097244
"1999-04-23",1.28,4.27,2.955,2.83916666666667,2.99,3550,0,10.1,-1.04188906600158,-6.06217782649107,5.29166666666667,-89.6774679836384
"1999-04-24",1.61,4.33,2.925,2.95208333333333,2.72,3990,0,13.1,-1.91012995433623,1.20498481965213,7.16666666666667,158.825260401343
"1999-04-26",1.92,4.27,2.95,2.98291666666667,2.35,4540,0,8.7,-5.78508848717886,-9.95857776054671,15.875,-123.046096162066
"1999-04-27",1.86,4.2,2.975,3.01,2.34,4740,0,8.2,0.955064977168118,-2.4811936295855,13,3.4893444869259
"1999-04-28",1.58,4.18,3.04,2.97125,2.6,5110,0,9,5.81434243653636,-8.86326977710987,11.375,-25.1573882377378
"1999-04-29",1.32,4.02,3.055,2.95166666666667,2.7,5450,0,10.4,6.4983827231877,-8.42648887430876,12.7916666666667,-35.7727638968826
"1999-04-30",1.27,4.15,3.195,3.03125,2.88,5460,0,10.7,-4.47288756551973,10,12.8333333333333,125.172448623911
"1999-05-01",1.31,4.32,3.24,3.13583333333333,3.01,5270,5,10.9,-12.6031925634917,1.59204083889156e-15,18.125,169.847031230004
"1999-05-02",1.29,4.44,3.49,3.18916666666667,3.15,4990,4.4,8.6,1.36808057330268,8.35623892592501,11.5,80.5658409793459
"1999-05-03",1.27,4.46,3.435,3.23166666666667,3.19,4750,0.4,9.7,-6,-12.8964409229626,20,-127.330545492126
"1999-05-04",1.18,4.29,3.375,3.10208333333333,3.11,4650,0,10.2,-5.24630662585894,-9.57090707264905,13.875,-118.01372475652
"1999-05-05",1.11,4.27,3.27,2.94666666666667,3.16,4630,0,9.1,-2.60472266500395,14.7721162951831,15.5,107.292137596274
"1999-05-06",1.4,4.4,3.365,3.1025,3,4650,5.8,11,-1.91012995433623,10.0608000131538,17.7083333333333,111.949302803701
"1999-05-07",1.43,4.3,3.295,3.02416666666667,2.87,4600,0.4,7.8,-18.5894595252868,-6.84040286651337,19.25,-164.52762715913
"1999-05-08",1.56,4.3,3.135,2.97833333333333,2.74,4490,1.3,6.8,-9.18485099360515e-16,1.84729635533386,12.625,157.836430575355
"1999-05-09",1.68,4.26,2.92,2.94,2.58,4360,2.2,7.4,-2.38806125833734e-15,-5.90884651807325,9,-69.745322078746
"1999-05-10",1.82,4.27,2.84,2.94416666666667,2.45,4330,0,7.7,-2.81766410561103,2.7291593878778,8.29166666666667,160.944719923582
"1999-05-11",2.03,4.33,2.98,3.01875,2.3,4330,10.2,9.9,-0.781416799501186,12.5092524296878,13.6666666666667,93.65196990055
"1999-05-12",1.81,4.41,3.075,3.05375,2.6,4290,9.8,10.7,-4.16755626400633,-3.07818128993102,12.875,-147.933475221007
"1999-05-13",1.27,4.5,3.225,3.04041666666667,3.23,4160,1.6,9.8,-1.98112540714512,7.3439414525727,10.375,104.222234273387
"1999-05-14",0.91,4.55,3.245,3.075,3.64,4030,0,8.6,-3.49024337756996e-15,1.10218211923262e-15,11.0416666666667,163.316619118487
"2000-04-10",,,,,,1810,0,10.6,,,,
"2000-04-17",1.64,4.37,3.025,3.065,2.73,1810,0,8.6,6.84040286651336,-15.9747745533604,13.875,-42.9399184818601
"2000-04-18",1.44,4.41,3.2,3.09083333333333,2.97,1680,0,11.3,-3.76222157658236,0.677806597538819,9.375,-175.722749346934
"2000-04-19",1.15,4.27,3.18,3.02833333333333,3.12,1680,0.4,10.4,-5.24630662585894,9.01365351029031,13.5833333333333,132.642543636313
"2000-04-20",1.09,4.32,3.29,3.03041666666667,3.23,1700,0,12.1,-8.26636589424463e-16,-2.31163564935008,8.04166666666667,-38.1499764975086
"2000-04-21",1.16,4.5,3.215,3.1325,3.34,1760,9.2,11.6,-1.91012995433623,6.75,10.2083333333333,103.859131482836
"2000-04-22",1.17,4.37,3.36,3.12458333333333,3.2,1940,5.8,11.3,-13.5428851842776,-7.96324443715438,17.625,-152.29176613446
"2000-04-23",1.28,4.31,3.35,3.06083333333333,3.03,2140,1.6,8.1,-1.28587913910472e-15,5.55674168534177,19.9166666666667,141.785272671179
"2000-04-24",1.26,4.29,3.23,2.94666666666667,3.03,2550,0,7.7,1.38918542133544,3.48205080756888,9.625,75.2288353666166
"2000-04-25",1.53,4.2,3.42,3.07833333333333,2.67,3110,4,9.6,-6.32737265152487,15.9747745533604,19.5416666666667,130.737926365128
"2000-04-26",1.62,4.19,3.125,2.9575,2.57,3280,0.2,11.4,2.25742630967009,11.2583302491977,14.125,75.5101912844113
"2000-04-27",1.88,4.26,3.265,3.12958333333333,2.38,3190,9.7,11.1,7.34788079488412e-16,10.336618828645,13.625,101.512287213306
"2000-04-28",1.89,4.32,3.095,3.10333333333333,2.43,3070,0,9.1,-18.6925333174277,7.73502481488899,21.5,154.067540049275
"2000-04-29",1.94,4.25,2.905,2.99958333333333,2.31,2940,0.6,7.9,-2.43107448733702,12.8025007891587,13.7916666666667,101.408166675343
"2000-04-30",2.03,4.26,2.98,3.02791666666667,2.23,3110,5.4,10.6,7.5,4.49951326780578,13.4166666666667,31.6964228331015
"2000-05-01",1.89,4.29,3.005,3.04333333333333,2.4,3520,4.2,11.8,-4.28626379701574e-16,-1.2918089084856,9.375,-58.0485819200898
"2000-05-02",1.54,4.38,3.085,3.09041666666667,2.84,3790,1.8,10.9,-4.97313093161685,10.2631397208144,13.5833333333333,119.335340432776
"2000-05-03",1.21,4.54,3.27,3.16208333333333,3.33,3800,5.8,10.7,-6.06217782649107,8.57252759403147e-16,10.375,174.126567439178
"2000-05-04",0.87,4.48,3.395,3.11958333333333,3.61,3830,8.2,10.4,-1.56283359900237,10.8328852831343,13.7083333333333,99.5802629442129
"2000-05-05",0.64,4.58,3.46,3.14166666666667,3.94,3970,2.9,8.6,-8.67811946296251,2.38806125833734e-15,15.0833333333333,153.915192654446
"2000-05-06",0.44,4.61,3.46,3.07041666666667,4.17,3990,3.8,9.2,-6.73555739531044e-16,6.89365427108546,13.4583333333333,96.2196817996531
"2001-04-17",1.78,4.38,3,3.03541666666667,2.6,867,13.1,10.3,-8.5,10.8328852831343,15.5,129.438373318608
"2001-04-18",1.84,4.29,2.985,3.035,2.45,996,10.1,9.8,-1.02606042997701,1.92836282905962,10.0416666666667,139.242014089258
"2001-04-19",1.9,4.26,3.07,3.03583333333333,2.36,1070,0.2,9.7,1.38918542133544,4.99975663390289,11,47.392146488911
"2001-04-20",1.99,4.3,3.03,3.06791666666667,2.31,1260,0,9.2,11.8518156154145,-17.0164929637694,22.2916666666667,-43.6219798360304
"2001-04-21",1.86,4.18,3.02,2.98416666666667,2.32,1380,0,11.1,-5.13030214988503,3.93923101204883,10.4347826086957,138.736722202077
"2001-04-22",1.5,4.1,2.995,2.94958333333333,2.6,1490,13.4,8.4,7.34788079488412e-16,16.0313103317935,16.7083333333333,110.655513361369
"2001-04-23",1.3,4.2,3.095,2.97541666666667,2.9,1590,9.6,9.9,1.04094977927525e-15,15.1604444311898,17.6666666666667,100.442101357623
"2001-04-24",1,4.21,3.11,2.97416666666667,3.21,1730,1.2,12.6,8.57252759403147e-16,12.5092524296878,12.5,91.0124984281819
"2001-04-25",0.77,4.37,3.295,2.96583333333333,3.6,1930,0,13.3,4.28626379701574e-16,-9.64181414529809,10.7916666666667,-59.5651487630936
"2001-04-26",0.67,4.44,3.28,3.01166666666667,3.77,2090,0,13.3,-8.44186123069096,6.78533185327597,9.95833333333333,149.092738718798
"2001-04-27",0.65,4.51,3.36,3.01791666666667,3.86,2370,4,12.6,-5.16322728629583,12.8025007891587,14.7916666666667,117.946656941138
"2001-04-28",0.72,4.55,3.52,3.03375,3.83,2750,9.3,11.5,-9.25254196120398,-6.06907786235773,14.9583333333333,-150.619042670542
"2001-04-29",1.03,4.56,3.595,3.12083333333333,3.53,2920,1.5,10.4,-19.8066552906688,11.6286848730727,25.2083333333333,159.342552529427
"2001-04-30",1.28,4.59,3.51,3.1625,3.31,3140,1.6,10.5,-17.9980530712231,-5.29626941884138,23.5833333333333,179.838451886662
"2001-05-01",1.19,4.58,3.175,2.99333333333333,3.39,3400,1.6,10.8,-13.0227555330226,-12.2129645840442,20.5217391304348,-123.146076895323
"2001-05-02",1.24,4.47,2.82,2.82,3.23,3390,0,8.7,1.47600951016891,-6.89711431702997,9.95833333333333,-64.2245251803035
"2001-05-03",1.5,4.38,2.75,2.85916666666667,2.88,3170,0.8,9,-1.47600951016891,10,11.9166666666667,96.2962949648042
"2001-05-04",1.84,4.45,3.04,3.005,2.61,2970,9.8,10.3,-6.49838272318771,9.39692620785908,13.875,137.292260579753
"2001-05-05",1.34,4.48,3.015,2.97958333333333,3.14,2880,0,9.8,-4.95981953654678e-15,-26,26.4166666666667,-92.2980777742677
"2001-05-06",0.92,4.37,3.1,2.91916666666667,3.45,2780,0,8.7,5.51091059616309e-16,-6.06217782649107,8.875,-86.3434974540784
"2001-05-07",0.7,4.24,3.16,2.91208333333333,3.54,2930,0.4,12.2,4.28626379701574e-16,1.21553724366851,9.41666666666667,39.6671612653428
"2001-05-08",0.52,4.35,3.205,2.91791666666667,3.83,3100,0.2,11.1,3.38613946450513,-18.8819530952448,20.375,-96.2815783952888
"2001-05-09",0.5,4.44,3.175,2.91875,3.94,3050,0,10.2,2.16004979682024,-6.53533185327597,10.0416666666667,-67.7671247971269
"2001-05-10",0.51,4.45,3.335,2.89916666666667,3.94,2890,0,10.4,-3.02205699604238,8.51462073354933,12.2083333333333,110.50724963759
"2001-05-11",0.67,4.47,3.31,2.9225,3.8,2880,0,13.2,6.84040286651336,-9.74242860108777,12.0416666666667,-52.220310507963
"2001-05-12",1.07,4.48,3.36,3.02291666666667,3.41,2900,0,14.3,3.67394039744206e-16,5.36231110183285,10.2083333333333,104.098236014443
"2001-05-13",1.22,4.47,3.27,2.96458333333333,3.25,2880,0,13.5,-5.41644264156715,-1.96961550602441,12.0833333333333,-146.431655498347
"2001-05-14",1.69,4.42,3.29,3.13416666666667,2.73,2840,16,11.3,-12.8557521937308,14.638638141798,18.6666666666667,131.054271211636
"2001-05-15",1.92,4.54,3.055,3.13041666666667,2.62,2910,11.8,11.2,-7.86646329649038,13.3854242447387,17.25,124.512055020729
"2001-05-16",,,,,,2940,2,11.7,,,,
"2001-05-17",,,,,,3070,0,9.4,,,,
"2001-05-18",,,,,,3240,0,12,,,,
"2002-04-18",0.82,4.18,3.335,2.84458333333333,3.36,2530,0,8.4,-3.76222157658236,-4.49951326780577,7.125,-123.591081373126
"2002-04-19",0.9,4.15,3.31,2.80458333333333,3.25,2570,0,9.2,-3.42020143325669,5.95442325903662,9.41666666666667,123.213158508405
"2002-04-20",1.04,4.26,3.305,2.85875,3.22,2590,0,9.5,-2.25742630967009,6.89365427108546,10.625,133.656113013567
"2002-04-21",1.16,4.33,3.165,2.89166666666667,3.17,2610,0,10.5,-3.76222157658236,8.45723358707318,11.9583333333333,132.271859061923
"2002-04-22",1.34,4.41,3.015,2.95875,3.07,2670,0.4,8.8,9.98717491255087,-36.6480122106504,35.3333333333333,-76.7327896994715
"2002-04-23",1.21,4.28,2.825,2.78583333333333,3.07,3020,0,6.3,4.59128550525265,-18.6602540378444,19.7083333333333,-69.0501708259443
"2002-04-24",1.43,4.24,2.775,2.79583333333333,2.81,3190,0,6.8,-0.955064977168118,-1.19707050163984,11.7916666666667,97.7002031774753
"2002-04-25",1.43,4.4,3.02,2.89416666666667,2.97,3200,0,7.9,5.5883267691846,-7.94682713554273,12.0833333333333,-54.4955653369912
"2002-04-26",1.09,4.51,3.1,3.02166666666667,3.42,3170,14.6,7.9,6.73555739531044e-16,9.91644264156714,15.9583333333333,83.2245595782762
"2002-04-27",0.79,4.64,3.24,3.06208333333333,3.85,3040,0,9.4,6.94682713554273,-10.7246222036657,16,-42.7591745707162
"2002-04-28",0.51,4.49,3.31,2.985,3.98,2860,0,10.9,-4.33455798802262,8.22848024186721,14.125,124.399582523267
"2002-04-29",0.37,4.5,3.255,2.96375,4.13,2940,0,9.8,3.76222157658235,-7.79422863405995,11.125,-71.4398174913413
"2002-04-30",0.44,4.53,3.32,2.97333333333333,4.09,3090,0,11.8,7.28533185327597,-12.2144843271305,11.4166666666667,-44.84975556749
"2002-05-01",0.67,4.55,3.41,2.96625,3.88,3440,0,10.9,-9.19626186323369,18.9232056494879,21.2083333333333,114.544161996432
"2002-05-02",1.02,4.59,3.45,3.0425,3.57,3980,1,11,-3.12566719800475,4.43163488855494,19.9166666666667,158.839185658068
"2002-05-03",1.19,4.51,3.155,2.89875,3.32,4430,0,9.1,-5.78108891324554,-2.92836282905962,12.7083333333333,-169.591602671935
"2002-05-04",1.5,4.38,3.025,2.92708333333333,2.88,5030,0.2,8.5,-18.7938524157182,5.20944533000791,19.9583333333333,171.58528264453
"2002-05-05",1.84,4.41,2.97,3.03375,2.57,5400,1,9,-8.35424171990804,-14.638638141798,22.5416666666667,-119.282716198797
"2002-05-06",1.91,4.28,2.815,2.93041666666667,2.37,5390,2.6,5.5,-6.12323399573677e-16,-8.03533185327597,12.5416666666667,-73.8515126932146
"2002-05-07",2.1,4.14,2.77,2.90875,2.04,5040,0,8,-4.10424171990803,3.41847588653733,11.2083333333333,149.176188173025
"2002-05-08",1.87,4.1,2.855,2.91291666666667,2.23,4760,0,9.3,-4.2193721399273,5.93115555091642,12.9583333333333,136.096155921893
"2002-05-09",1.61,4.03,2.96,2.91458333333333,2.42,4520,0,8.6,3.67394039744206e-16,-12.8025007891587,11.0833333333333,-69.4852188699828
"2002-05-10",1.3,3.96,2.985,2.87875,2.66,4270,0,10.2,-1.38918542133544,1.96961550602442,9.45833333333333,148.98287627691
"2002-05-11",1.03,3.98,3.06,2.88958333333333,2.95,4060,0,10.2,-1.29180890848559,-4.69846310392954,8.66666666666667,-125.452567230375
"2002-05-12",0.91,4.14,3.18,2.92375,3.23,3990,0,13.9,3.22600951016891,-10.0051163521384,7.75,-66.3864381762622
"2002-05-13",0.73,4.24,3.43,2.97458333333333,3.51,4190,11.4,13,-9.20940158404811,11.0928598069344,16.5416666666667,134.926703909194
"2002-05-14",0.62,4.35,3.305,2.94958333333333,3.73,4410,1,11,-4.24975663390289,-12.2129645840442,21,-129.240066114975
"2002-05-15",0.52,4.4,3.33,2.90666666666667,3.88,4160,0,9.9,-3.76222157658236,1.75,9.75,165.52659462182
"2003-04-16",1.47,4.71,3.27,3.19958333333333,3.24,2150,0.2,9.2,-2.32842176247898,9.59994430287743,12.9583333333333,116.479221971605
"2003-04-17",1,4.75,3.32,3.18125,3.75,2290,1.4,8.8,-4.47313093161685,1.91012995433623,8.16666666666667,166.44041218631
"2003-04-18",0.59,4.68,3.355,3.07583333333333,4.09,2330,3.2,9.2,-5.36231110183285,2.60472266500395,9.91666666666667,143.344820080629
"2003-04-19",0.47,4.6,3.405,3.07791666666667,4.13,2390,1.4,10.1,1.7364817766693,10.8328852831343,12.25,83.0398419935892
"2003-04-20",0.54,4.7,3.53,3.1225,4.16,2410,1,12.6,0.520944533000792,5.63815572471545,7.70833333333333,80.0531389341112
"2003-04-21",0.7,4.63,3.6,3.09958333333333,3.93,2360,1,10.5,9.60424171990802,-19.9185842870421,24.0416666666667,-75.5929430104289
"2003-04-22",0.9,4.59,3.54,3.05041666666667,3.69,2320,0,10.9,-3.12566719800475,-3.34002239535852,15.9583333333333,-136.330796352674
"2003-04-23",1.25,4.69,3.535,3.14583333333333,3.44,2370,19.4,8.5,1.30236133250198,14.8860581475916,16.3333333333333,86.7141499357958
"2003-04-24",1.57,4.73,3.285,3.16625,3.16,2500,24.4,7.4,-3.75877048314363,1.36808057330268,9.04166666666667,159.900327683534
"2003-04-25",1.79,4.6,3.125,3.15125,2.81,2670,0,8.8,3.94779101719277,-13.7774222096303,16.375,-38.5943840204082
"2003-04-26",1.96,4.57,3.1,3.1625,2.61,2830,0,9.7,1.30236133250198,-9.95857776054672,17.4583333333333,-82.0249641231502
"2003-04-27",2.17,4.45,3.135,3.16416666666667,2.28,3100,0,11.4,1.16341445918999e-15,3.75877048314363,12.2916666666667,75.2760736839034
"2003-04-28",2.02,4.36,3.215,3.15916666666667,2.34,3650,0,10.3,11.8518156154145,-17.0867429121531,17.125,-42.3613276084621
"2003-04-29",1.76,4.35,3.32,3.18791666666667,2.59,3920,0,12.8,2.2574263096701,-8.35623892592501,12.5,-82.9871406305647
"2003-04-30",1.44,4.19,3.255,3.12541666666667,2.75,3790,0,13.4,-5.66995806715958,11.1080020351084,15.0833333333333,125.10063221656
"2003-05-01",1.28,4.29,3.42,3.13708333333333,3.01,3560,0,12.9,-2.60472266500395,3.75877048314363,9.70833333333333,147.977485325413
"2003-05-02",1.19,4.43,3.505,3.19208333333333,3.24,3480,0,12.4,-4.16755626400633,14.7721162951831,16.2916666666667,122.487339953978
"2003-05-03",1.13,4.54,3.48,3.22083333333333,3.41,3400,0,10.8,-8.93053099090485,13.8860581475916,18.5833333333333,122.474880829579
"2003-05-04",1.02,4.45,3.585,3.17666666666667,3.43,3350,6.7,9.6,3.9801020972289e-16,8.6683094143225,16.4166666666667,91.5050141869984
"2003-05-05",0.94,4.39,3.51,3.03791666666667,3.45,3380,0,10.1,-5.97015314584335e-15,-16.7774222096303,18.5416666666667,-99.3224548101614
"2003-05-06",1,4.45,3.53,3.0325,3.45,3280,0,8.6,-2.95201902033782,-2,9.33333333333333,-137.529541128674
"2003-05-07",1.17,4.46,3.525,3.07625,3.29,3210,0,9.8,6.12323399573677e-16,9.72928888027336,14.25,100.068983396255
"2003-05-08",1.29,4.4,3.45,3.03208333333333,3.11,3100,0,11.1,9.5,-15.3208888623796,17.125,-40.0990594670675
"2003-05-09",1.4,4.44,3.205,2.97291666666667,3.04,2970,0,12.2,-4.5,3.85672565811924,10.375,158.979532710646
"2004-04-15",1.66,4.67,3.26,3.18833333333333,3.01,2890,0.8,11.1,-1.91012995433623,8.86326977710987,10.7083333333333,108.658771833084
"2004-04-16",1.87,4.59,3.12,3.16125,2.72,3130,0,11.3,-2.25742630967009,12.8025007891587,14.0416666666667,122.224754657464
"2004-04-17",1.92,4.5,3.15,3.13625,2.58,3190,0.2,11.6,-5.78508848717885,6.89365427108546,12.5,138.873454149374
"2004-04-18",1.58,4.41,3.155,3.14166666666667,2.83,3110,0,10.6,-5.11567517520627,11.6080020351084,14.4166666666667,117.403886627442
"2004-04-19",1.46,4.44,3.375,3.25791666666667,2.98,2970,4.2,11.2,-2.77837084267088,20.45407308995,22.75,102.671682756062
"2004-04-20",1.24,4.53,3.435,3.27291666666667,3.29,2810,1.6,11.6,-10.4500721972479,16.9264888743088,20.3333333333333,120.029702851086
"2004-04-21",1.09,4.47,3.44,3.19041666666667,3.38,2680,0,11.1,7.5,-14.1556349595731,21.9583333333333,-47.3866293136571
"2004-04-22",0.86,4.41,3.405,3.03041666666667,3.55,2590,0,12.6,-4.81515107494251,13.5590724224056,15,109.678825363006
"2004-04-23",0.96,4.32,3.46,3.03708333333333,3.36,2580,3.6,12.1,-4.77612251667468e-15,-16.8318093570283,23.0833333333333,-123.406194299877
"2004-04-24",0.87,4.24,3.425,2.90083333333333,3.37,2600,0,10.9,0.684040286651337,-15.3486032088479,17.625,-84.7916810873158
"2004-04-25",1,4.21,3.335,2.86208333333333,3.21,2570,0,11.1,4,-12.9903810567666,10.2083333333333,-54.2888149895471
"2004-04-26",1.22,4.16,3.255,2.87375,2.94,2650,0,13.2,2.25742630967009,-8.86326977710987,8.70833333333333,-61.97028210995
"2004-04-27",1.58,4.25,3.275,2.99958333333333,2.67,2860,0.2,12.4,7.9602041944578e-16,-37,34.7083333333333,-64.1323638488787
"2004-04-28",1.48,4.14,2.96,2.84,2.66,2840,0,10.7,1.91012995433623,-3.06417777247591,9.79166666666667,-60.2072313350773
"2004-04-29",1.65,4.2,2.905,2.9125,2.55,2880,0,12.4,1.04188906600158,-5.90884651807325,8.04166666666667,-76.904503809415
"2004-04-30",1.79,4.24,2.87,2.95625,2.45,3380,0,14.6,3.85072629431559,-5.6971999940354,7.25,-44.2333806430283
"2004-05-01",2,4.25,2.97,3.00125,2.25,3920,0,17.5,-3.42020143325669,-5.16322728629583,8.125,-148.48314563482
"2004-05-02",1.65,4.29,3,2.98666666666667,2.64,4050,2.8,15.8,-6.1971999940354,-6.73555739531044e-16,9.875,179.645178322089
"2004-05-03",1.21,4.4,3.11,3.04,3.19,4010,1,13.9,-3.42020143325669,10.1475982945959,11.5416666666667,107.791767949027
"2004-05-04",0.87,4.56,3.36,3.15083333333333,3.69,4110,0.6,12.8,-3.76222157658236,8.35623892592501,11.2916666666667,128.230356863169
"2004-05-05",0.49,4.63,3.53,3.14041666666667,4.14,4510,0.4,12.3,-3.44562501619332,3.67836282905962,10.5833333333333,141.909362987406
"2004-05-06",0.28,4.68,3.5,3.09458333333333,4.4,4870,0,11.3,5.71162210594715,-7.87883488259034,11.0833333333333,-43.7961215813271
"2004-05-07",0.19,4.75,3.575,3.08625,4.56,5030,1.4,13,-4.49951326780577,6.89365427108546,10.2916666666667,122.191735289068
"2005-04-18",1.76,4.39,2.97,3.01083333333333,2.63,1900,0,9.6,6.57784834550136,-13,15.6666666666667,-26.396152732245
"2005-04-19",1.85,4.24,2.87,2.96958333333333,2.39,1900,0,9,8.62438132619619,-18.5638601645972,17.25,-43.3449234422383
"2005-04-20",1.97,4.21,3.065,3.01916666666667,2.24,1970,0,10.5,1.53208888623796,-6,11.25,-78.8194483107455
"2005-04-21",2.01,4.19,2.99,2.97875,2.18,2140,0,12.7,-3.29931537567168,9,12.3333333333333,143.620822911788
"2005-04-22",1.7,4.17,3.06,3.01458333333333,2.47,2260,0,13.4,3.18347212079315,-9.19477460936935,7.41666666666667,-70.0701662046974
"2005-04-23",1.43,4.3,3.255,3.145,2.87,2490,0.2,14.4,5.28851522291562,-12.6031925634917,18.375,-74.1887454762891
"2005-04-24",1.11,4.35,3.405,3.13583333333333,3.24,2830,0,14.5,-2.25742630967009,-8.6243813261962,16.5416666666667,-116.627988373487
"2005-04-25",0.78,4.48,3.47,3.12125,3.7,3300,0,13.9,-2.25742630967009,5.14254424358943,11.5833333333333,132.683146841949
"2005-04-26",0.63,4.61,3.46,3.12583333333333,3.98,3840,0,14.5,-4.7736550318806,7.9471999940354,12.375,141.297664905104
"2005-04-27",0.61,4.68,3.615,3.16041666666667,4.07,4420,0,15.1,5.77350112139435,-8.62916512459885,12.9166666666667,-46.9321063826342
"2005-04-28",0.59,4.68,3.715,3.12625,4.09,4840,0,14.6,-1.36808057330267,-1.36808057330267,7.95833333333333,-120.064185253747
"2005-04-29",0.69,4.63,3.695,3.05875,3.94,5200,0,13.8,-4.54788996325982,7.38605814759156,12.4166666666667,142.811641927496
"2005-04-30",0.91,4.56,3.57,3.0525,3.65,5230,0,13.1,6.73555739531044e-16,11,12.2083333333333,89.3234089120137
"2005-05-01",1.17,4.66,3.36,3.05208333333333,3.49,5000,0,13.2,6.49919136159385,-11.7371671597073,11,-56.0381913332578
"2005-05-02",1.47,4.69,3.165,3.07916666666667,3.22,4690,2.6,12.9,6.84040286651336,-16.4544826719043,13.625,-77.068576892625
"2005-05-03",1.8,4.66,3.09,3.11208333333333,2.86,4420,0,13.8,-4.5,-1.46957615897682e-15,6.70833333333333,-155.369285256074
"2005-05-04",2.11,4.64,3.04,3.15833333333333,2.53,4220,0.4,13.4,0.684040286651338,4.47746145292513,10,81.8871058535068
"2005-05-05",1.72,4.61,3.28,3.19416666666667,2.89,4090,0,14,8.89252372646737,-17.3205080756888,16.5833333333333,-56.6372978666393
"2005-05-06",1.39,4.56,3.35,3.2325,3.17,4070,0,13.9,-2.86519493150435,11.6064822920221,12.7083333333333,109.72538843043
"2005-05-07",1,4.5,3.42,3.19708333333333,3.5,4140,0,12.7,-6.21648740419239,9.19253331742774,12.5833333333333,125.570343742335
"2005-05-08",0.91,4.61,3.51,3.22666666666667,3.7,4280,2.6,12,3.80947361735079,-8.12573111056656,9.79166666666667,-57.2989994274857
"2005-05-09",0.83,4.7,3.725,3.25583333333333,3.87,4580,1.8,14.3,12.6064822920221,-18.6188317983911,23.75,-55.9123297215823
"2005-05-10",0.73,4.63,3.655,3.16083333333333,3.9,4840,0,16.3,-8.46324443715438,11.8518156154145,15.2083333333333,129.453675036141
"2005-05-11",0.74,4.63,3.555,3.08708333333333,3.89,4880,0,15.3,-7.1971999940354,8.91089467637099,14,141.422199647794
"2005-05-12",3.61,4.06,3.8,3.7875,0.45,4880,0,13.9,-3.99975663390289,8.07523377999248,10.9583333333333,129.311061198408
"2005-05-13",1.15,4.55,2.24,2.66,3.4,4980,0.2,14.5,-2.08377813200316,0.505115896976215,8.91666666666667,144.022693469761
"2006-04-12",,,,,,2190,1.6,10.2,,,,
"2006-04-18",0.85,4.48,3.58,3.0575,3.63,2070,0.6,9.4,-2.84145197746749,10.8801373239027,13.3333333333333,109.312744556823
"2006-04-19",0.97,4.58,3.755,3.12916666666667,3.61,1960,0.6,10.5,1.91012995433623,8.45723358707318,9.54166666666667,60.9980944278041
"2006-04-20",1.11,4.57,3.635,3.125,3.46,1890,1.6,10.2,10.26060429977,-20.7846096908265,19.5,-56.6077258186826
"2006-04-21",1.12,4.65,3.47,3.05,3.53,1900,1.6,8.4,4.86214897467404,-24.8025007891587,25.2916666666667,-78.8923807518687
"2006-04-22",1.21,4.48,3.08,2.92833333333333,3.27,1890,0,7.5,12.8557521937308,-19.9171555210934,19.75,-44.2855572913316
"2006-04-23",1.39,4.46,2.94,2.95333333333333,3.07,2060,0,10.3,8.5,-14.7224318643355,15.5416666666667,-58.2385102789285
"2006-04-24",1.77,4.46,2.97,3.02041666666667,2.69,2360,0,10.8,5.5052474296215,-9.78411470113397,13.125,-41.2408893414491
"2006-04-25",1.71,4.61,3.06,3.1125,2.9,2430,0,12.1,-5.81434243653637,7.92811946296251,13.1666666666667,113.731679967638
"2006-04-26",1.29,4.66,3.19,3.12583333333333,3.37,2430,0.2,9.7,-3.35712029846009,14.4337528034859,16.0416666666667,111.751925908085
"2006-04-27",0.71,4.54,3.295,3.03916666666667,3.83,2430,0.6,11.5,7.9602041944578e-16,9,10.2083333333333,67.0761914450978
"2006-04-28",0.47,4.53,3.455,3.05916666666667,4.06,2520,0,12,-2.56515107494252,-2.78557521937308,6.625,-91.2627467144333
"2006-04-29",0.4,4.6,3.48,3.06333333333333,4.2,2760,6.6,10.5,1.91012995433623,-17.3205080756888,19.25,-71.5014594384839
"2006-04-30",0.23,4.56,3.39,2.925,4.33,2900,0,8.4,-2.73616114660535,2.05212085995401,9.16666666666667,154.15974476773
"2006-05-01",0.45,4.43,3.52,2.93041666666667,3.98,2920,1.2,9.5,15.0488863063294,-38.3162576093688,36.7916666666667,-61.7502151139285
"2006-05-02",0.61,4.37,3.31,2.79625,3.76,3080,0,8.5,10,-18.3850666348555,17.7083333333333,-52.0999474020622
"2006-05-03",0.92,4.33,3.315,2.85458333333333,3.41,3200,0,10.8,14.1413274131039,-17.3205080756888,20.9166666666667,-50.909430666448
"2006-05-04",1.29,4.32,3.195,2.91125,3.03,3140,0,12.4,2.15213547880795,-5.90884651807325,7.16666666666667,-69.1247489094368
"2006-05-05",1.71,4.36,3.1,3.03041666666667,2.65,3080,0,14.4,-3.27114145253439,-6.28108891324553,7.08333333333333,-119.592183405981
"2006-05-06",1.97,4.37,2.975,3.05166666666667,2.4,3030,2.6,10.4,-3.5,6,10.9166666666667,139.374233975166
"2006-05-07",2.36,4.32,3.065,3.15625,1.96,2960,8.4,11.7,-11.4278760968654,3.06161699786838e-15,23.7916666666667,-172.98076453431
"2006-05-08",2.18,4.23,3.02,3.04333333333333,2.05,2940,0,10.3,6.9459271066772,-34.618449162253,34.25,-81.1366354000415
"2006-05-09",1.75,4.08,2.97,2.96,2.33,3000,0,9.1,-2.75545529808154e-15,-6.8943999880708,9.20833333333333,-108.872992812267
"2006-05-10",1.42,4.09,3.095,2.98583333333333,2.67,3110,0,11.5,0.781416799501185,-3.57658453024077,7.875,-50.8975439106213
"2006-05-11",1.28,4.1,3.29,3.06208333333333,2.82,3200,0,12.2,-5.13030214988503,8.86326977710987,15.2083333333333,129.064967434861
"2006-05-12",0.9,4.17,3.4,3.02375,3.27,3160,0,11.1,-2.67308001180875,-17.2979457980699,16.25,-94.5219248678254
"2006-05-13",0.7,4.31,3.405,2.985,3.61,3030,0,10.4,5.90884651807325,-12.8025007891587,12.125,-50.8692540468531
"2006-05-14",0.42,4.4,3.42,2.94541666666667,3.98,2970,0,11.8,9.64181414529809,-12.9230666252487,15.5833333333333,-39.1774091691216
"2006-05-15",0.49,4.6,3.565,3.02833333333333,4.11,3050,0,15.4,10.9273893646712,-10.9273893646712,14.8333333333333,-41.3795099404807
"2006-05-16",,,,,,3350,0,20.7,,,,
"2006-05-17",,,,,,3780,0,15.7,,,,
"2006-05-18",,,,,,4130,0,15.2,,,,
"2007-04-16",1.34,4.52,3.205,3.10666666666667,3.18,3230,11.6,8.4,-4.78828200655936,11.045607766166,14.6666666666667,120.470292031424
"2007-04-17",0.86,4.64,3.255,3.09833333333333,3.78,3280,2.6,7.7,-5.13030214988503,4.5,12.375,123.298804856959
"2007-04-18",0.4,4.66,3.38,3.06333333333333,4.26,3350,0,7.4,-2.05212085995402,-2.05212085995401,6.875,-163.42182622801
"2007-04-19",0.27,4.63,3.485,3.06125,4.36,3290,0,7.4,4.28626379701574e-16,-10.336618828645,11.5833333333333,-76.3236669117241
"2007-04-20",0.34,4.65,3.475,3.06166666666667,4.31,3290,0,7.8,-1.21553724366851,3.85672565811924,8.875,88.7005358710068
"2007-04-21",0.54,4.78,3.59,3.11291666666667,4.24,3280,0,9,-3.07818128993102,1.36808057330268,7.91666666666667,140.033238360725
"2007-04-22",0.73,4.6,3.72,3.08833333333333,3.87,3240,2.8,12.6,-3.5,6.28028027483939,11.5,119.162134482295
"2007-04-23",1.04,4.52,3.445,3.01208333333333,3.48,3200,0,11.2,-5.13030214988503,7.71345131623847,11.4166666666667,133.318999331108
"2007-04-24",1.37,4.55,3.3,3.03541666666667,3.18,3220,5.4,11.3,-8,7.71324443715438,14.4583333333333,138.615031603057
"2007-04-25",1.64,4.47,3.025,3.02583333333333,2.83,3310,2,8.6,-2.77837084267088,14.8860581475916,14.9583333333333,108.477561749037
"2007-04-26",1.97,4.39,2.98,3.05291666666667,2.42,3720,11.4,9.6,-12.6178600585334,14.3480859161822,19.0416666666667,126.414072647202
"2007-04-27",2.23,4.27,2.98,3.08291666666667,2.04,4380,11.6,11.2,-11.2763114494309,8.47861679353659,15.5416666666667,142.368783070679
"2007-04-28",1.93,4.24,2.97,3.01833333333333,2.31,4770,0,9.7,4.52126426097378,-10.1475982945959,12.125,-67.6966845132523
"2007-04-29",1.63,4.13,3.05,3.01958333333333,2.5,4550,0,9.9,1.56283359900237,-9.52627944162882,11.4166666666667,-75.2485895206956
"2007-04-30",1.36,4.05,3.175,3.00208333333333,2.69,4460,0,10.1,-2.15477358481205,3.87822605255626,10.3333333333333,151.092279627125
"2007-05-01",1.16,4.24,3.29,3.07625,3.08,4350,1.4,11,-2.60472266500395,12.8025007891587,14.5,97.6368721794569
"2007-05-02",1.18,4.43,3.435,3.20125,3.25,4200,7.4,10.5,-3.01510015513442,9.26313972081441,14.25,113.087535284763
"2007-05-03",0.91,4.44,3.53,3.11958333333333,3.53,4030,4.4,9.8,-4.13111078829118,3,9.125,153.865994383184
"2007-05-04",0.91,4.51,3.515,3.10916666666667,3.6,3870,0,9.1,-0.607768621834258,-12.5543675619141,11.0833333333333,-96.3474035279791
"2007-05-05",0.7,4.38,3.525,2.99833333333333,3.68,3910,0,9.9,-6.57784834550136,3.47296355333861,13.9583333333333,163.606950711341
"2007-05-06",0.8,4.33,3.485,2.94791666666667,3.53,4140,4.4,10.1,-1.56283359900237,8.39136390011688,10.125,95.0713020665339
"2007-05-07",0.86,4.38,3.495,2.93416666666667,3.52,4260,0.4,15.3,-2.08377813200316,11,12.875,105.210176938671
"2007-05-08",1.18,4.38,3.5,3.03083333333333,3.2,4410,0,14,-2.43107448733702,4.22861679353659,25.5416666666667,174.455706914568
"2007-05-09",1.15,4.33,3.275,2.89458333333333,3.18,4590,0,10.5,8.35623892592501,-15.4873872766802,20.2083333333333,-64.1182596333936
"2007-05-10",1.39,4.34,2.995,2.89208333333333,2.95,5120,0,10.6,6.73555739531044e-16,-6.89365427108546,7.91666666666667,-76.5778938418341
"2007-05-11",1.73,4.36,2.825,2.92708333333333,2.63,6000,0,10.4,2.87871315483505,-6.47828890728094,13.25,-25.3881290754109
"2007-05-14",1.04,4.34,3.175,2.96041666666667,3.3,5890,0,11.7,7.07066370655193,-9.64181414529809,11.5833333333333,-67.881409563339
"2008-04-09",,,,,,736,1.2,6.2,,,,
"2008-04-16",1.77,4.29,2.93,2.9225,2.52,1200,0,8.9,-4.10424171990802,9.59994430287743,12.7916666666667,133.018189644759
"2008-04-17",1.76,4.16,2.94,2.95458333333333,2.4,1330,0,9.5,-2.38806125833734e-15,-8.45723358707317,15.2916666666667,-99.603052617912
"2008-04-18",1.55,4.21,3.12,3.02083333333333,2.66,1420,6.2,4,-5.14351655641888e-15,-22.9406262738825,27.7083333333333,-111.968619489347
"2008-04-19",1.27,4.09,3.12,2.98875,2.82,1510,5.2,4.3,3.21249128683821,12.8025007891587,17.375,62.4890579120724
"2008-04-20",1.04,4.13,3.25,2.95666666666667,3.09,1580,0,3.8,-1.56283359900237,3.06417777247591,9.375,141.704468814084
"2008-04-21",0.89,4.26,3.27,2.96,3.37,1570,0.2,5.8,-1.21553724366851,6.84040286651338,12.2083333333333,113.658442418787
"2008-04-22",0.82,4.4,3.23,2.97791666666667,3.58,1530,0,7.1,3.42020143325669,5.89254424358943,15.5416666666667,37.0548735318694
"2008-04-23",0.94,4.42,3.45,3.08916666666667,3.48,1460,0,8.9,-7.34788079488412e-16,7,12.1666666666667,103.856485322328
"2008-04-24",0.96,4.31,3.54,3.03833333333333,3.35,1390,0,9.3,-10.7246222036657,-14.3480859161822,18.4166666666667,-153.133810639289
"2008-04-25",0.91,4.18,3.445,2.89458333333333,3.27,1330,0,8,-3.76222157658236,-9,11.375,-104.229896715442
"2008-04-26",1.03,4.19,3.29,2.84875,3.16,1300,0,8.1,4.89858719658941e-16,-4.77192948516125,8,-75.067667586196
"2008-04-27",1.25,4.15,3.35,2.91458333333333,2.9,1270,2,11.4,-1.36808057330267,2.05212085995401,8.08333333333333,135.877024735057
"2008-04-28",1.57,4.24,3.245,3.00375,2.67,1320,13.2,11,-6.06907786235772,6.77619567431582,12.625,146.625646500421
"2008-04-29",1.77,4.37,3.11,3.05666666666667,2.6,1480,0.2,8,-2.60472266500395,-9,12.8333333333333,-108.62413050895
"2008-04-30",1.84,4.3,2.845,2.9675,2.46,1660,0,8.1,1.21553724366851,-12.8557521937308,17.9583333333333,-89.5252593905833
"2008-05-01",1.99,4.25,2.87,2.91958333333333,2.26,1900,0,9.7,-3.29931537567168,12.1064822920221,16.0833333333333,108.399391890352
"2008-05-02",1.68,4.26,2.955,2.95916666666667,2.58,2160,1,9.1,1.91012995433623,5.5,8.125,62.4063865797241
"2008-05-03",1.13,4.34,3.095,2.94708333333333,3.21,2370,6.6,9.8,8.28236118287052,-8.26810706668445,10.4166666666667,-56.6035535205546
"2008-05-04",0.62,4.32,3.2,2.92,3.7,2610,0,10,2.73616114660535,-6.73575130829341,6.54166666666667,-64.6782974598175
"2008-05-05",0.2,4.41,3.45,2.95333333333333,4.21,2850,0,12.4,-2.84145197746749,-4.47288756551973,8.5,-113.62516369198
"2008-05-06",-0.01,4.57,3.5,2.95458333333333,4.58,3140,0,11.5,-5.13030214988503,4.82090707264905,9.95833333333333,148.633262346827
"2008-05-07",-0.04,4.6,3.505,2.92666666666667,4.64,3370,0,9.9,-3.94948592725021e-15,-16.8612159321677,19,-102.258749683265
"2008-05-08",0.02,4.63,3.475,2.89291666666667,4.61,3440,0,10.4,-2.02066721859313e-15,-14.7721162951831,15,-94.5680735132405
"2008-05-09",0.26,4.66,3.445,2.91458333333333,4.4,3540,0,9.7,-4.13716685631883,6,11.0416666666667,133.826717526327
"2008-05-12",1.44,4.52,2.93,2.89083333333333,3.08,3700,0,9.9,-4.63111078829118,6.5,12.25,141.163644805699
"2009-04-08",,,,,,850,0,8.8,,,,
"2009-04-17",1.47,4.19,3.135,2.88,2.72,1870,11.2,11.4,-10.4429835626089,3.75,17.5416666666667,169.0075752747
"2009-04-18",1.58,4.02,2.87,2.81083333333333,2.44,2060,0,8.8,-2.05212085995401,5.63815572471545,10.0833333333333,133.443962585758
"2009-04-19",1.68,4.05,2.805,2.82583333333333,2.37,2250,3.2,11.6,7.9602041944578e-16,11.2583302491977,10.875,85.6358355002309
"2009-04-20",1.88,4.04,2.775,2.85666666666667,2.16,2420,0.4,14.6,-0.868240888334652,5.95442325903662,10.625,98.0509366570112
"2009-04-21",2.04,4.08,2.875,2.9225,2.04,2640,0.4,11.9,-2.05212085995401,-5.90884651807325,10,-118.72595690096
"2009-04-22",1.67,4.16,3.065,2.97958333333333,2.49,3010,0,9.6,1.12871315483505,-31.2341356777136,33,-102.753452751832
"2009-04-23",1.24,4.09,3.015,2.92125,2.85,3320,0,7.6,3.76222157658235,-12.2160040702168,12.3333333333333,-72.0187158346802
"2009-04-24",0.82,4.19,3.11,2.94166666666667,3.37,3760,0,8.7,-5.45769531853194,4.22861679353659,12.125,146.152795362261
"2009-04-25",0.56,4.28,3.27,2.94916666666667,3.72,3890,0,9.7,2.25742630967009,-12.8557521937308,19.5,-93.2049145390705
"2009-04-26",0.21,4.39,3.41,2.86458333333333,4.18,3800,0,8.8,-2.38806125833734e-15,-4.49951326780578,7.79166666666667,-86.2933599860488
"2009-04-27",0.24,4.56,3.365,2.95666666666667,4.32,3670,0,10.7,10.9360169755463,-11.9750724488469,19.2916666666667,-38.0379342760658
"2009-04-28",0.3,4.51,3.52,2.945,4.21,3470,0,11.7,6.5,-2.57115043874616,15.3333333333333,-22.7870469824087
"2009-04-29",0.35,4.49,3.425,2.86791666666667,4.14,3350,0,11.3,-1.91012995433623,-5.71162210594715,8.75,-132.703617218214
"2009-04-30",0.61,4.51,3.325,2.85833333333333,3.9,3280,0,12.5,-2.95201902033782,2.05212085995401,9.20833333333333,179.109225449106
"2009-05-01",1.05,4.47,3.235,2.945,3.42,3190,0,12.3,6.15636257986203,-11.571696717444,11.6666666666667,-46.0523909815736
"2009-05-02",1.52,4.66,3.14,3.08125,3.14,3180,5.8,12.1,-9.95857776054672,11,16.9583333333333,124.419862608235
"2009-05-03",1.84,4.68,2.96,3.07166666666667,2.84,3230,0,10.8,-4.49951326780577,4.49951326780578,12.2083333333333,152.763436178864
"2009-05-04",2.16,4.5,3.135,3.1875,2.34,3290,8.2,12.3,-4.13326088595308,20.2846017549846,22.375,103.252012951704
"2009-05-05",1.96,4.76,3.25,3.28958333333333,2.8,3680,2.4,11.4,-15.64783170787,6.15717121826819,18.6666666666667,154.823109850341
"2009-05-06",1.41,4.47,3.3,3.20125,3.06,4030,8.6,9.8,-2.60472266500395,13.5590724224056,15.375,102.390080569339
"2009-05-07",1.05,4.38,3.4,3.10583333333333,3.33,4200,0.4,11.3,-9.95857776054672,-4.44626186323369,12.6666666666667,-157.505566898315
"2009-05-08",0.65,4.34,3.37,2.97208333333333,3.69,4350,0,10.5,-2.15477358481205,0.347296355333861,9.20833333333333,-177.546922541232
"2010-04-16",0.94,4.46,3.38,3.12041666666667,3.52,1180,0.2,9.7,8.20848343981604,-10.9273893646712,14.2916666666667,-38.9916071117612
"2010-04-17",0.87,4.5,3.515,3.15291666666667,3.63,1230,4.2,12,-3.29931537567168,12.2160040702168,14.0416666666667,100.862247851274
"2010-04-18",0.89,4.56,3.535,3.16083333333333,3.67,1320,0,14.1,6.73555739531044e-16,6.89365427108546,11.7083333333333,59.6979278947815
"2010-04-19",1.06,4.63,3.695,3.22208333333333,3.57,1470,0,14.4,5.19615242270663,-5.63815572471545,10.0833333333333,-56.3387089770366
"2010-04-20",1.17,4.58,3.65,3.18,3.41,1710,7.8,11.5,8.20848343981604,-20.7289236740583,22.375,-69.9362020721748
"2010-04-21",1.18,4.55,3.44,3.06375,3.37,1990,0,9.4,0.520944533000788,-28.7873085421709,24.7083333333333,-95.427050684517
"2010-04-22",1.43,4.46,3.2,3.02041666666667,3.03,2330,0,9.7,-6.4293956955236e-15,-22.5526228988618,20.125,-89.5634298992514
"2010-04-23",1.7,4.44,2.955,3.03791666666667,2.74,2570,5,9,6.73555739531044e-16,14.7224318643355,15.0416666666667,107.698984096027
"2010-04-24",1.89,4.53,2.96,3.06333333333333,2.64,2800,2,8.3,-14.6634803572219,3.18408167778312e-15,15.5416666666667,167.329703491578
"2010-04-25",1.61,4.37,3.03,2.99666666666667,2.76,2860,3.6,8.8,2.08377813200316,10.5847520558896,12.375,55.656600013666
"2010-04-26",1.39,4.52,3.33,3.23791666666667,3.13,2830,9,13,-1.56283359900237,18.711347307232,19.875,103.380492626716
"2010-04-27",1.25,4.85,3.615,3.42208333333333,3.6,2800,8.2,12.2,-9.98921648697154,2.82466586433859,17.125,167.160617481688
"2010-04-28",0.85,4.72,3.6,3.30625,3.87,2770,1.4,10.1,-2.32578365647489,-9.93144913513691,11.4583333333333,-134.815634113181
"2010-04-29",0.6,4.66,3.595,3.18458333333333,4.06,2670,0,11.4,-6.4293956955236e-15,-28.8675056069717,28.625,-91.9288007497399
"2010-04-30",0.52,4.6,3.37,3.05208333333333,4.08,2590,2.2,11.4,-4.98629063900091,-17.0311199384482,19.9166666666667,-112.28196365925
"2010-05-01",0.63,4.63,3.52,3.08708333333333,4,2670,0.6,10.7,-3.07818128993102,-22.5526228988618,20.9166666666667,-117.769266029369
"2010-05-02",0.73,4.58,3.485,3.015,3.85,2770,11,9.4,-2.39414100327968,3.82025990867247,17.7916666666667,179.928044982545
"2010-05-03",1.13,4.4,3.735,3.19208333333333,3.27,2800,0.8,9.4,-6.4293956955236e-15,-36.253520777581,40.125,-92.4529848611124
"2010-05-04",1.22,4.26,3.18,2.89666666666667,3.04,2750,0,8.3,1.56283359900237,-14.7721162951831,15.7916666666667,-77.4751479144947
"2010-05-05",1.52,4.22,3.025,2.91083333333333,2.7,2720,0,7.7,-1.80747722947819,3.53557521937308,7.83333333333333,151.336829705996
"2010-05-06",1.77,4.23,2.805,2.87375,2.46,2680,0,9.4,-2.02066721859313e-15,6.57784834550136,12.7083333333333,134.193825516094
"2010-05-07",2.12,4.09,2.76,2.89083333333333,1.97,2600,0,10,4.81907786235772,-8.46324443715438,12.0416666666667,-40.6311242510935
"2010-05-08",2.18,4.05,2.91,2.96,1.87,2500,0,11,-2.08377813200316,-8.44186123069097,7.875,-119.759258307844
"2010-05-09",1.95,4.1,3.055,3.04791666666667,2.15,2390,0,11.9,-4.19274643764126,8.18163488855494,11.5,122.279189832564
"2010-05-10",1.69,4.2,3.19,3.08666666666667,2.51,2310,0,12.3,-1.36808057330267,4.49951326780578,14.4583333333333,124.507179382259
"2010-05-11",1.19,4.09,3.145,2.96833333333333,2.9,2250,0,12.7,-5.11567517520627,7,13.5833333333333,131.149783818321
"2010-05-12",0.94,4.09,3.29,2.96666666666667,3.15,2250,0,12,-5.13030214988504,11.4906666467847,15.2083333333333,136.913284304209
"2010-05-13",0.7,4.3,3.415,3.00041666666667,3.6,2330,0,12.4,-2.660802041073,-4.4132063584853,7.875,-154.944760349344
"2011-04-11",,,,,,1240,0,8.6,,,,
"2011-04-16",1.53,4.61,3.235,3.21125,3.08,1370,0.2,6.7,-5.69460761603519e-15,-16.0463121854359,19.6666666666667,-94.0806397142248
"2011-04-17",1,4.69,3.36,3.15583333333333,3.69,1400,0,6.4,5.72624908062591,-16.413876150989,17.25,-64.3042126129264
"2011-04-18",0.68,4.65,3.4,3.11958333333333,3.97,1450,0,6.6,5.51091059616309e-16,-11.5229249335893,11.0833333333333,-91.0695072984607
"2011-04-19",0.39,4.57,3.425,3.05958333333333,4.18,1380,0,7.4,-2.53909064496551,-0.955064977168119,12.2083333333333,-156.444175466492
"2011-04-20",0.41,4.63,3.48,3.08916666666667,4.22,1360,1.6,5.9,-3.12284933782575e-15,-11.6080020351084,13.8333333333333,-98.9755156753078
"2011-04-21",0.43,4.5,3.375,2.99916666666667,4.07,1350,0.4,8,1.53909064496551,-9.51313972081442,15.5416666666667,-84.9620862644545
"2011-04-22",0.64,4.5,3.295,2.93166666666667,3.86,1320,0,6.9,2.77837084267088,-1.8048391234741,12.25,-0.0892542950637303
"2011-04-23",1.02,4.55,3.365,3.01791666666667,3.53,1330,0,8.2,2.22313093161685,-3.32419375933394,8.16666666666667,-34.2043971575756
"2011-04-24",1.44,4.49,3.345,3.10541666666667,3.05,1320,4.4,8.1,-3.47296355333861,12.2129645840443,12.3333333333333,108.017936593465
"2011-04-25",1.81,4.52,3.25,3.15666666666667,2.71,1320,7.6,7.2,-2.05212085995401,4.17811946296251,11.2083333333333,121.590646390151
"2011-04-26",2.03,4.41,2.99,3.06875,2.38,1380,3.8,10.5,-8.66025168209152,1.59204083889156e-15,12.125,-173.924598149765
"2011-04-27",2.42,4.3,3.05,3.15416666666667,1.88,1490,4.2,8.1,-11.2583302491977,9.95120922253408,18.2083333333333,139.764865565581
"2011-04-28",2.22,4.31,3.065,3.14208333333333,2.09,1640,4.8,7.9,-15,2.93915231795365e-15,17.0833333333333,167.095226956871
"2011-04-29",1.81,4.11,3.035,3.00958333333333,2.3,1820,0,8.2,-1.36808057330267,-5.81434243653637,12.75,-144.082118462214
"2011-04-30",1.41,3.97,3.075,2.91791666666667,2.56,1980,0,9.6,0.781416799501187,0.244643630475819,10.7083333333333,-93.6993662622359
"2011-05-01",1.17,3.93,3.15,2.92083333333333,2.76,2130,0,9.8,-6.12323399573677e-16,4.31498460272769,9.375,120.75704058504
"2011-05-02",1.09,4.15,3.235,3.00875,3.06,2310,17,9.5,-2.39414100327968,-9.79717439317883e-16,9.875,177.755748653713
"2011-05-03",0.88,4.18,3.2,2.93416666666667,3.3,2330,0,7.7,-3.91012995433623,-17.4270798974661,17.7916666666667,-102.57325425368
"2011-05-04",0.68,4.32,3.305,2.92541666666667,3.64,2400,0,10.7,-2.25742630967009,4.21324443715438,9.33333333333333,129.672954348534
"2011-05-05",0.76,4.4,3.36,3.005,3.64,2680,4.8,10.9,-5.90884651807325,2.60472266500395,10.75,153.8690338769
"2011-05-06",0.79,4.52,3.445,3.05166666666667,3.73,2920,6,9.9,-8.99902653561155,6.75,12.4166666666667,138.796097007387
"2011-05-07",0.98,4.54,3.57,3.145,3.56,3100,13.4,9.5,7.9602041944578e-16,13,14.5833333333333,88.7156579051668
"2011-05-08",1.07,4.48,3.475,3.08041666666667,3.41,3290,0,9.3,-2.20436423846524e-15,0.505115896976215,8.08333333333333,178.165717477582
"2011-05-09",1.18,4.43,3.275,2.98208333333333,3.25,3500,0,12.4,-3.76222157658236,4.15149376067647,10.4166666666667,149.862636470131
"2011-05-10",1.49,4.45,3.145,3.01833333333333,2.96,3690,0.4,11.5,-8.42648887430876,13.0065682948946,15.8333333333333,127.027794793796
"2011-05-11",1.9,4.56,3.12,3.12125,2.66,3930,22.6,10.1,-4.10424171990802,14.7721162951831,15.75,114.463363510627
"2011-05-12",2.11,4.48,2.95,3.03625,2.37,4210,0.2,9,-5.50000000000001,12,15.625,128.483564014819
"2012-04-11",,,,,,1360,6.2,10.4,,,,
"2012-04-16",2.12,4.47,3.18,3.21291666666667,2.35,2160,7.2,11,-9.91858415644441,5.44618541741124,20.6666666666667,159.364347619937
"2012-04-17",2.08,4.33,3.195,3.1425,2.25,2340,1,7.1,7.34788079488412e-16,13.8612159321677,14.0416666666667,93.9273639718087
"2012-04-18",1.9,4.35,3.24,3.205,2.45,2420,3.4,9.2,6.12323399573677e-16,12.6031925634917,14.2083333333333,101.068463476638
"2012-04-19",1.59,4.25,3.255,3.18041666666667,2.66,2530,13.6,8.7,6.73555739531044e-16,14.4337528034859,16,94.1913557462066
"2012-04-20",1.31,4.22,3.3,3.12583333333333,2.91,2660,0.8,10.3,-4.25,-8.12573111056656,12.5833333333333,-128.591058150784
"2012-04-21",1.14,4.29,3.39,3.0825,3.15,2790,0,8.6,6.4983827231877,-12.2160040702168,12.2916666666667,-53.2143883028817
"2012-04-22",1.07,4.4,3.415,3.11833333333333,3.33,2980,0,13.2,7.5244431531647,-11,12.5833333333333,-61.650406466702
"2012-04-23",1.04,4.44,3.325,3.11375,3.4,3270,0,12.7,13,-16.8529777486175,16.875,-58.4340094554745
"2012-04-24",1.03,4.44,3.47,3.11083333333333,3.41,3660,2,11.6,9.18485099360515e-16,13.0227555330226,16.0833333333333,94.0706039513764
"2012-04-25",1.28,4.61,3.51,3.24916666666667,3.33,4010,15.2,12.2,-3.29931537567168,16.8708659006038,17.2916666666667,103.617702925213
"2012-04-26",1.44,4.49,3.62,3.26208333333333,3.05,4220,4,11.4,-1.56283359900237,-4.59626665871387,9.54166666666667,-127.526852165309
"2012-04-27",1.4,4.35,3.435,3.0925,2.95,4550,0,10.1,-8.35623892592501,8.42648887430876,13.875,141.282142519794
"2012-04-28",1.55,4.31,3.295,3.065,2.76,4980,0.4,11.2,1.91012995433623,8.45723358707317,9.625,87.6281598433335
"2012-04-29",1.75,4.34,3.13,3.07291666666667,2.59,5760,1.8,12,-2.57175827820944e-15,-5.49062045494274,7.45833333333333,-110.340583312541
"2012-04-30",2.13,4.5,3.24,3.26875,2.37,6140,18.4,10.7,-12.9126281610907,-0.781416799501186,16.5416666666667,173.404662771998
"2012-05-01",2.22,4.53,3.06,3.17583333333333,2.31,6140,0.2,10.3,-15.0465025787813,-1.30236133250198,15.4583333333333,-179.80073220873
"2012-05-02",1.99,4.44,3.11,3.12833333333333,2.45,5970,0,9.4,2.69707050163984,6.98253184731137,10,78.8681559956711
"2012-05-03",1.59,4.5,3.145,3.19125,2.91,5900,5.4,9.1,3.50170439226237,0.347296355333861,10.2083333333333,10.5234345271917
"2012-05-04",1.03,4.56,3.27,3.11958333333333,3.53,5830,3.4,10.3,-3.76222157658236,-8.42648887430876,10.9166666666667,-121.922650691249
"2012-05-05",0.55,4.48,3.29,3.01916666666667,3.93,5630,0,10.2,-5.50000000000001,-3.5,10.9583333333333,-174.329299445329
"2012-05-06",0.27,4.52,3.405,2.99,4.25,5400,0,10.3,-1.98112540714512,2.05212085995401,9.58333333333333,136.737707337242
"2012-05-07",0.11,4.63,3.57,2.995,4.52,5270,0,12.9,-3.67394039744206e-16,-3.58370854873001,6.45833333333333,-96.1389259813908
"2012-05-08",0.21,4.72,3.475,3.0475,4.51,5200,0,14.4,-5.5,-4.47288756551973,15.3333333333333,-167.263939734777
"2012-05-09",0.33,4.61,3.375,2.98166666666667,4.28,5210,0,10.7,2.77837084267088,-33.4834636024151,33.7916666666667,-85.8172820006776
"2012-05-10",0.56,4.5,3.15,2.85541666666667,3.94,5150,0,10.3,-3.12284933782575e-15,-24,21.1666666666667,-93.1155053208799
"2013-04-11",,,,,,2400,0,8.8,,,,
"2013-04-22",1.8,4.02,2.86,2.83708333333333,2.22,3130,0,7.2,-1.04188906600158,-6.73612416678608,8.75,-119.204124270506
"2013-04-23",1.46,4.08,3.02,2.88791666666667,2.62,3190,0,9.7,6.73555739531044e-16,5.19615242270663,11.7083333333333,37.9975117641713
"2013-04-24",1.1,4.14,3.015,2.91708333333333,3.04,3160,0,10.1,-1.7364817766693,-1.63382905181127,6.5,-99.797534022217
"2013-04-25",0.81,4.34,3.19,2.99083333333333,3.53,3130,0,11.8,-1.83697019872103e-15,0.0762716648170783,7.875,-160.580471239708
"2013-04-26",0.58,4.41,3.285,2.99541666666667,3.83,3130,0,11.2,-6.84040286651337,12.2144843271305,15.4166666666667,114.475067625832
"2013-04-29",0.5,4.58,3.51,3.07416666666667,4.08,3920,0,9.3,14.7068661630037,-40.4067826937941,43.75,-78.3168460221247
"2013-04-30",0.54,4.37,3.195,2.85333333333333,3.83,4240,0,7.7,7.44073522188212,-14.7224318643355,20.3333333333333,-65.8043060316151
"2013-05-01",0.77,4.32,2.945,2.74458333333333,3.55,4290,0,8.5,4.89858719658941e-16,0.086824088833462,9.66666666666667,136.268811042798
"2013-05-03",1.62,4.32,2.685,2.80875,2.7,3760,0,11.1,9.5,-12.9903810567666,16.2083333333333,-48.5704703811608
"2013-05-06",1.55,4.32,3.11,3.09666666666667,2.77,4520,0,16.1,2.05212085995401,-6,5.70833333333333,-78.0621813076238
"2013-05-07",1.35,4.37,3.27,3.13541666666667,3.02,5070,0,15.7,-5.65717121826818,6.89365427108546,12.9583333333333,135.517933307254
"2013-05-08",1.12,4.26,3.325,3.10041666666667,3.14,5650,0,14.7,-8.42648887430876,11.2090280057279,14.3333333333333,129.6586178454
"2013-05-09",0.91,4.31,3.37,3.05708333333333,3.4,6420,0,13.9,-3.76222157658236,1.71010071662834,10.7083333333333,169.747077849627
"2014-04-15",1.2,4.24,3.165,3.04083333333333,3.04,1730,1.4,11.3,-7.42143372051442,4.28626379701574e-16,18.5833333333333,-161.814786922136
"2014-04-16",1.05,4.39,3.24,3.08833333333333,3.34,1870,14.8,9.3,-7.5,14.2774222096303,16.5833333333333,110.079109185998
"2014-04-17",1.02,4.64,3.46,3.20416666666667,3.62,2010,19.6,9.7,-8.72861679353658,13.0220098160373,23,135.614931425505
"2014-04-18",0.84,4.43,3.355,3.08208333333333,3.59,2160,0,10.7,-3.82025990867247,-10.6084540048722,16.3333333333333,-133.004306269326
"2014-04-19",0.97,4.5,3.375,3.12708333333333,3.53,2370,3,9.6,-8.66025403784439,13.7873085421709,18.1739130434783,127.683686420941
"2014-04-20",0.94,4.48,3.325,3.0175,3.54,2610,0,9.7,-4.49351390400213,11.5258725088267,15.7916666666667,114.080797581801
"2014-04-21",1.19,4.52,3.32,3.06333333333333,3.33,2740,1,10.8,3.84900074759623,-10.0754603423145,14.9166666666667,-58.754919244182
"2014-04-22",1.42,4.55,3.27,3.11041666666667,3.13,2800,1.6,11,-7.639573573184,-8.46324443715438,19.8333333333333,-131.574737409465
"2014-04-23",1.7,4.6,3.17,3.14708333333333,2.9,2900,1.8,10,-8.75,14.638638141798,17.75,116.647387256996
"2014-04-24",1.98,4.68,3.25,3.2825,2.7,3100,9.2,10.4,-4.75742630967009,13.856238925925,21.5,124.756781585249
"2014-04-25",2.13,4.69,3.125,3.24,2.56,3290,0,8.4,-1.7364817766693,-0.434120444167328,9.58333333333333,-151.967437340742
"2014-04-26",1.8,4.67,3.335,3.29,2.87,3400,1.2,9.2,-7.86301220305166,16.7973547749125,19.8333333333333,110.179979761091
"2014-04-27",1.52,4.77,3.385,3.33541666666667,3.25,3480,3,9.7,-16.414332553353,-2.08377813200317,17.6666666666667,-175.456582658425
"2014-04-28",1,4.49,3.255,3.11416666666667,3.49,3520,2,9.2,-1.7364817766693,10.8328852831343,14.0416666666667,101.719094643636
"2014-04-29",0.79,4.34,3.33,3.02958333333333,3.55,3550,0,13.2,0.347296355333861,-4.59589380022119,12.3333333333333,-41.4614199759171
"2014-04-30",0.66,4.49,3.38,3.03833333333333,3.83,3610,0,13.1,4.89414100327968,-12.6031925634917,12.2916666666667,-66.8633167392344
"2014-05-01",0.83,4.65,3.365,3.13583333333333,3.82,3710,0,15.5,1.02094453300079,-4.59807621135332,8.20833333333333,-51.9478548775248
"2014-05-02",0.97,4.67,3.475,3.15791666666667,3.7,4080,2,15.5,-6.8943999880708,9.13728320221542,14.1666666666667,126.767166387448
"2014-05-03",1.17,4.69,3.51,3.22125,3.52,4530,1.6,11.6,-2.99567593600142,10.0607742057624,13.6666666666667,121.564166502135
"2014-05-04",1.51,4.66,3.56,3.29583333333333,3.15,4970,18.2,10.3,3.27821052763891,15.3860581475916,16.4166666666667,79.5057962359419
"2014-05-05",1.67,4.52,3.405,3.21375,2.85,5300,6.2,11.6,-3.55236133250198,7.75383997514921,11.9166666666667,124.42107477373
"2014-05-06",1.89,4.44,3.14,3.13833333333333,2.55,5250,0,11.5,-0.607768621834258,6.4278760968654,11.0416666666667,133.673661590587
"2015-04-09",,,,,,3690,0,10.1,,,,
"2015-04-15",1.62,4.34,3,2.9675,2.72,3150,0,7.9,-3.75,3.54630205360461,10.125,133.981137606202
"2015-04-16",1.76,4.37,2.97,3.00708333333333,2.61,3040,0,8.9,-2.53557521937308,-1,8.41666666666667,-147.58602267575
"2015-04-17",1.4,4.52,3.085,3.02958333333333,3.12,3000,0,10,2,-14.4337528034859,19.4166666666667,-69.4165805735565
"2015-04-18",0.92,4.39,3.005,2.94916666666667,3.47,2940,0,9.7,10.2846017549846,-16.8874953737966,18.1666666666667,-56.4088470056949
"2015-04-19",0.73,4.51,3.19,3.00458333333333,3.78,2930,0,9.5,7.58022221559489,-15.1802867816515,14.7916666666667,-48.711877411342
"2015-04-20",0.75,4.49,3.405,3.07083333333333,3.74,3040,0,11.8,2.54188906600158,-1.96961550602442,7.75,-35.6178241654664
"2015-04-21",0.81,4.47,3.37,3.10708333333333,3.66,3150,4.2,11.7,-1.04188906600158,-5.36231110183285,18.1666666666667,-119.274830132323
"2015-04-22",0.79,4.42,3.175,2.99541666666667,3.63,3170,0,10.2,-3.24919136159386,-9.29472976264341,13.9583333333333,-113.635132066924
"2015-04-23",1.21,4.53,3.34,3.12083333333333,3.32,3200,8.8,7.8,8.26636589424463e-16,16.8632697771099,19.125,100.782183682288
"2015-04-24",1.44,4.4,3.3,3.13541666666667,2.96,3420,16.4,8.5,2.51789857617049,8.83012701892219,13.25,84.6670688624824
"2015-04-25",1.63,4.34,3.22,3.0625,2.71,3840,5.8,8.6,0.955064977168117,3.16637421769159,11.0833333333333,59.7957722389213
"2015-04-26",1.86,4.3,3.03,3.01958333333333,2.44,3960,0.6,9.7,-1.30236133250198,13.0113777665113,15.0833333333333,92.9502095573481
"2015-04-27",2.12,4.2,2.985,3.04625,2.08,3880,4,13.9,3.83022221559489,10.3923048454133,12.2083333333333,56.475921823488
"2015-04-28",2.21,4.29,3.035,3.09458333333333,2.08,3860,1.2,12.3,-4.6473648813217,4.49951326780578,13.4166666666667,135.162615623949
"2015-04-29",2.16,4.19,3.005,3.06,2.03,3850,0,10.9,-12.8025007891587,3.12566719800474,13.9583333333333,157.284756584112
"2015-04-30",1.92,4.14,3.125,3.0575,2.22,3820,0,11.3,-7.72733653262486,6.67020143325669,12.6666666666667,138.948336492602
"2015-05-01",1.74,4.12,3.12,3.09791666666667,2.38,3900,0,12.6,-1.04188906600158,-11.8472663136699,19.125,-142.79079899257
"2015-05-02",1.4,4.11,3.125,3.02416666666667,2.71,4040,0,11.4,8.59626665871387,-18.0262794416288,22.9166666666667,-62.5873352789062
"2015-05-03",1.22,4.15,3.165,3.03333333333333,2.93,4110,0,9.2,-0.955064977168117,-3.75,7.41666666666667,-107.029557574027
"2015-05-04",1.18,4.32,3.42,3.12875,3.14,4160,1.8,12.5,-8.63169475217473,7.47608260841108,17.5,148.799003842959
"2015-05-05",1.07,4.36,3.39,3.12791666666667,3.29,4120,,11,-3.18347212079316,4.2812511553745,10.5416666666667,136.97900050505
"2015-05-06",0.87,4.43,3.36,3.07583333333333,3.56,3970,0,11.2,-0.694592710667721,-5.89711431702997,11.4166666666667,-133.610867102083
"2015-05-07",0.87,4.44,3.34,3.02375,3.57,3820,0,12.2,3.96225081429024,-10.4590627973645,12.375,-59.6761442333273
"2015-05-08",0.93,4.4,3.33,3.00333333333333,3.47,3770,0,13.8,5.78108891324554,-10.7974745389213,12.0833333333333,-59.5675388150186
"2015-05-09",1.02,4.4,3.235,2.97,3.38,3720,0,15,1.7364817766693,-3.54879473957955,7.83333333333333,-44.6510649708099
"2015-05-10",1.29,4.49,3.18,3.0075,3.2,3700,0,14.3,-4.6650635094611,-2.85696902421635,9,-170.400053044824
"2015-05-11",1.6,4.44,3.105,3.04208333333333,2.84,3740,0.8,13.6,-5.06515107494252,9.52030542377491,12.5833333333333,128.358800355577
"2015-05-12",1.95,4.56,3.035,3.12333333333333,2.61,3840,0,15.6,-6.8943999880708,-0.855050358314171,11.0833333333333,-177.347588751419
"2015-05-13",2.2,4.58,3.095,3.16458333333333,2.38,4030,0,14.6,-6.49919136159385,15.3117696003472,16.7083333333333,117.677840562356
"2016-04-14",,,,,,3530,0.6,9.5,,,,
"2016-04-15",1.71,4.49,3.06,3.0675,2.78,3450,0,10.8,-3.38613946450514,13.8936542710855,16.2083333333333,108.320019934066
"2016-04-16",1.84,4.3,2.965,3.02958333333333,2.46,3380,0,11,9.49101269339199e-16,4.39038221159014,11.5,79.0081812379417
"2016-04-17",1.98,4.25,2.97,3.02791666666667,2.27,3320,0,10.4,5.81434243653636,-12.2070134701002,12.375,-47.1664701322809
"2016-04-18",2.12,4.26,3.055,3.0675,2.14,3280,0,14.9,0.5,-2.75603568889482,6.83333333333333,-77.2682569529147
"2016-04-19",1.95,4.24,3.165,3.09958333333333,2.29,3430,0,13.5,7.09121150491952,-13.856406460551,14.6666666666667,-64.2111768365527
"2016-04-20",1.8,4.22,3.255,3.17208333333333,2.42,3680,0,14.3,2.77837084267088,-8.83012701892219,12.0833333333333,-54.3927390799773
"2016-04-21",1.67,4.3,3.31,3.23125,2.63,4030,0.2,16,-5.90717121826819,10.1291651245989,14.8333333333333,138.418782822277
"2016-04-22",1.61,4.36,3.34,3.26416666666667,2.75,4560,6.4,12.4,-2.77761950448154,-1.12871315483505,8.08333333333333,-158.275186297053
"2016-04-23",1.41,4.37,3.365,3.19333333333333,2.96,4990,2.2,14,-5.63988127143481,14.7721162951831,16.2916666666667,117.221034174734
"2016-04-24",1.34,4.35,3.43,3.19958333333333,3.01,5170,1.2,11.5,-2.77837084267089,-16.8280994876769,17.5833333333333,-99.5460007530834
"2016-04-25",1.2,4.26,3.25,3.06625,3.06,5370,0,10.6,3.96752702629843,-17.1602540378444,17.3333333333333,-85.3018849930719
"2016-04-26",1.22,4.33,3.29,3.0625,3.11,5680,0,10.8,-0.955064977168117,2.22313093161685,14.625,146.550592259757
"2016-04-27",1.32,4.27,3.305,3.06125,2.95,5910,0,11.1,3.61586701824112,-10.7297535907223,16.0416666666667,-80.9322759351674
"2016-04-28",1.4,4.29,3.295,3.02333333333333,2.89,5830,0,13.7,-3.733435819839,11.1617759649595,13.625,115.646453461498
"2016-04-29",1.52,4.21,3.215,3.00625,2.69,5660,0,13.3,4.55946701210812,-19.9160369456154,20.9583333333333,-67.0109369987765
"2016-04-30",1.51,4.21,2.905,2.84541666666667,2.7,5410,0,10.6,2.45142799718044,-9.92403876506104,10.375,-53.2925930171451
"2016-05-01",1.8,4.14,2.945,2.91083333333333,2.34,5180,0,13.2,2.88918542133544,-6.49519052838329,8.83333333333333,-65.6591032284435
"2016-05-02",1.98,4.28,2.94,3.00916666666667,2.3,5130,0,17.1,3.10696902421635,-6.06217782649107,9.125,-49.3475562811671
"2016-05-03",1.94,4.4,2.925,3.05875,2.46,5130,0,16.8,4.08073217517285,-11.0997134985089,16.5416666666667,-80.4447770278892
"2016-05-04",1.51,4.44,3.095,3.03333333333333,2.93,5170,1.4,12.1,7.94034103954486,-28.1907786235773,27.5416666666667,-70.6272746477423
"2016-05-05",1.07,4.45,3.08,3.01375,3.38,5180,0,12.9,11.1433323648735,-22.5166604983954,24.4166666666667,-59.3042277411372
"2016-05-06",0.67,4.52,3.235,3,3.85,5390,0,14.3,11.9208247285585,-21.650635094611,24,-57.9586442789167
"2016-05-07",0.54,4.59,3.425,3.10833333333333,4.05,5760,0,15.7,8.44626186323369,-15.7942286340599,20.1666666666667,-69.9466430587947
"2016-05-08",0.43,4.65,3.425,3.08916666666667,4.22,6040,0,13.1,-9.00115397373305e-15,-19.3936542710855,27.5,-119.114133734752
"2016-05-09",0.44,4.56,3.325,3.0075,4.12,5870,0,12.6,-7.34788079488412e-16,-11.6080020351084,12.625,-89.7907777897718
"2016-05-10",0.55,4.56,3.31,2.97041666666667,4.01,5610,0,13.8,-3.14605966918186,-1.60776862183426,9.125,-159.474615650998
"2017-04-11",,,,,,2400,0,7.5,,,,
"2017-04-12",,,,,,2380,12,10.3,,,,
"2017-04-13",,,,,,2400,17.4,9.4,,,,
"2017-04-14",,,,,,2390,3.2,9.3,,,,
"2017-04-15",1.37,4.35,3.305,3.14458333333333,2.98,2420,2,9.7,-4.89414100327969,1.12871315483505,12.2083333333333,-174.703083296858
"2017-04-16",1.52,4.42,3.395,3.16333333333333,2.9,2340,0,7.9,7.34121150491952,-10.7787537434,13.6666666666667,-64.0162297132995
"2017-04-17",1.67,4.39,3.475,3.21916666666667,2.72,2350,5.4,11.3,-2.86519493150435,13.4715026165868,14.7916666666667,105.038305719165
"2017-04-18",1.76,4.31,3.46,3.185,2.55,2340,5.2,11.7,7.9602041944578e-16,8.08889750206583,11.3333333333333,107.491818844217
"2017-04-19",1.92,4.33,3.345,3.19208333333333,2.41,2390,0.8,10.2,-2.77837084267088,18.8480775301221,19.9166666666667,99.9866415493489
"2017-04-20",1.9,4.42,3.19,3.15083333333333,2.52,2440,3.6,10.9,-2.06794949597859,1.75,10.5833333333333,85.6001837127485
"2017-04-21",1.93,4.3,3.055,3.07916666666667,2.37,2460,0,10.3,2.88918542133544,3.46410161513776,12.5833333333333,34.4843639898503
"2017-04-22",2.1,4.44,3.2,3.24916666666667,2.34,2480,5.8,10.6,1.37335678531087,5.06907786235772,13.1666666666667,87.7644911147034
"2017-04-23",2.21,4.51,3.305,3.26458333333333,2.3,2570,,,-3.21249128683821,16,18.1666666666667,102.67917712958
"2017-04-24",1.99,4.61,3.27,3.29833333333333,2.62,2700,5,10.3,2.71553724366851,4.5622663392076,13.9583333333333,91.3364358251818
"2017-04-25",1.56,4.64,3.415,3.28833333333333,3.08,2830,1.4,11.1,-10.9636946823356,15.1055088276337,19.2083333333333,115.600362631057
"2017-04-26",1.24,4.79,3.405,3.3275,3.55,2980,2.8,11.5,-3.26765810362253,-9.96320795014136,17.25,-140.695145854346
"2017-04-27",0.82,4.69,3.415,3.20291666666667,3.87,3040,0,10.5,-6.46312941002656,-20.6820813887344,21.6666666666667,-110.350580586825
"2017-04-28",0.5,4.53,3.365,3.04,4.03,3010,0,9.6,-2.75545529808154e-15,-8.58012701892219,10.75,-81.9542379068713
"2017-04-29",0.56,4.68,3.325,3.06,4.12,2970,6.2,9,3.21249128683821,16.6844749230253,17.75,79.5661545627028
"2017-04-30",0.6,4.54,3.395,3.03166666666667,3.94,2950,0,9.9,-4.96201938253052,-11.5393353951302,15.0416666666667,-125.601448874619
"2017-05-01",0.81,4.59,3.31,2.9775,3.78,2930,1.4,9,-0.694592710667721,5.25640277023296,11.0416666666667,116.672187561938
"2017-05-02",1.15,4.54,3.235,3.01541666666667,3.39,2910,0.6,9.1,1.37863299731906,-1.60696902421635,9,-13.6304461687254
"2017-05-03",1.48,4.62,3.065,3.02166666666667,3.14,2960,28.2,13.2,0.781416799501188,12.0168485531817,12.4583333333333,86.1685677406451
"2017-05-04",1.91,4.57,3.095,3.1075,2.66,3240,0.2,14.5,2.27777981951351,-5.60223935199169,10.3333333333333,-50.8562322997596
"2017-05-05",2.15,4.62,3.115,3.21416666666667,2.47,3890,0.8,13.1,-11.4636946823356,9.62250186899058,18.5833333333333,158.213489071979
"2017-05-06",2.1,4.46,3.02,3.125,2.36,4190,0,10.8,-1.21553724366851,-17.3843134845393,18.75,-95.0729240441157
"2017-05-07",1.72,4.31,3.1,3.04375,2.59,4260,0,8.9,-2.55236133250198,-5.05212085995401,10.7916666666667,-153.077476018465
"2017-05-08",1.5,4.2,3.095,3.0575,2.7,4610,0,11.8,2.25742630967009,-9.59994430287743,13.4166666666667,-53.9464145154275
"2017-05-09",1.33,4.16,3.24,3.075,2.83,5020,0,10.5,1.0130302149885,-7,8.33333333333333,-77.9971171066837
"2017-05-10",1.27,4.33,3.29,3.14333333333333,3.06,5130,0.2,13.7,-2,-2.44929359829471e-16,7.16666666666667,160.150538046635
"2017-05-11",1.25,4.41,3.45,3.21041666666667,3.16,5090,19.8,11.4,-6.64254424358943,12.9951905283833,16.0833333333333,110.717662302256
"2017-05-12",1.19,4.44,3.51,3.20541666666667,3.25,5080,6.6,10.5,8.87868929381831e-16,12.4866948635746,13.4166666666667,104.544674335488
"2017-05-13",1.17,4.51,3.38,3.17791666666667,3.34,5010,0.2,9.9,-1.47600951016891,7.87846202409766,10.5,121.689216984628
"2017-05-14",1.25,4.44,3.485,3.1625,3.19,5140,2.8,11.1,-6.12323399573677e-16,8.26185710414983,12.4166666666667,95.9899310961989
"2017-05-15",1.28,4.54,3.46,3.17416666666667,3.26,5620,17.2,8.8,-5.29813332935693,11.8472663136699,15.7083333333333,116.553668160831
"2018-04-10",,,,,,1020,3.8,9.4,,,,
"2018-04-11",,,,,,1150,10.4,8,,,,
"2018-04-12",,,,,,1190,0.6,7.7,,,,
"2018-04-15",1.73,4.46,3.27,3.22166666666667,2.73,1500,2.6,8.1,8.49951326780577,-15.5884572681199,20.2083333333333,-24.093456271285
"2018-04-16",1.46,4.57,3.415,3.24833333333333,3.11,1580,16.4,8,2.75726599463812,4.30427095761591,14.5416666666667,80.2999253570509
"2018-04-17",1.07,4.46,3.255,3.07166666666667,3.39,1630,2.2,9.2,-7.71345131623847,-9.09577992651964,12.2916666666667,-130.747593396081
"2018-04-18",0.74,4.35,3.17,2.97541666666667,3.61,1620,0,8.1,3.18611022679725,-7.07066370655193,13.375,-4.79655334712792
"2018-04-19",0.64,4.33,3.09,2.925,3.69,1670,0,7.2,-1.21553724366851,-4.59626665871387,6.83333333333333,-82.0652339304586
"2018-04-20",0.73,4.45,3.215,2.94833333333333,3.72,1750,3.8,10.8,3.9801020972289e-16,13.5060515757769,14.9583333333333,96.6449353884273
"2018-04-21",0.75,4.41,3.43,2.95708333333333,3.66,1870,1.6,10.2,-4.99358745627544,-13.1778760968654,18.9583333333333,-125.761973084076
"2018-04-22",0.93,4.34,3.21,2.8625,3.41,1960,0,7.7,5.03038710288119,-11.1076444252252,13.375,-29.4420920688842
"2018-04-23",1.12,4.4,3.075,2.84958333333333,3.28,2060,0,9.5,5.14317493344694,-9.29472976264341,11.8333333333333,-46.7084485027213
"2018-04-24",1.39,4.4,2.97,2.92041666666667,3.01,2240,0,9.7,8.18323164824518,-14.8612159321677,14.5,-46.3295236895071
"2018-04-25",1.64,4.44,2.92,2.99958333333333,2.8,2570,0,12.1,8.94626186323369,-15.0716508436902,17.375,-63.7608600678391
"2018-04-26",1.97,4.48,3.12,3.10708333333333,2.51,2900,0,11.6,2.71553724366851,-9.07636511863425,9.79166666666667,-63.0405527406113
"2018-04-27",1.9,4.52,3.155,3.19458333333333,2.62,3290,0,12.6,-4.30690906362001,11.3623111018328,14.9583333333333,114.465797886531
"2018-04-28",1.64,4.48,3.29,3.19375,2.84,3770,6,11.2,-7.10672565811923,8.16784780558542,11.0833333333333,132.667917864612
"2018-04-29",1.35,4.5,3.24,3.18875,3.15,4210,3.4,10.9,-2.32746428537466,-2,7.83333333333333,-146.839812142021
"2018-04-30",1.06,4.37,3.315,3.11083333333333,3.31,4780,0,11.9,1.55228117498599,-4.17811946296251,9.625,-79.3817836321957
"2018-05-01",0.99,4.42,3.385,3.09083333333333,3.43,5460,0,10.7,1.26047226650039,-3.72721162951831,10.7083333333333,-68.2973332023502
"2018-05-02",0.9,4.49,3.23,3.05791666666667,3.59,5920,0,11.7,-2.29621274840129e-15,-1.40953893117886,8.83333333333333,-179.81378916723
"2018-05-03",1.03,4.5,3.325,3.05916666666667,3.47,6120,0,15.1,-3.42020143325669,8.66025168209152,11.25,113.55867715242
"2018-05-04",1.07,4.37,3.325,3.015,3.3,6350,0,12.1,-8.72151365480455,11.2090280057279,15.7083333333333,143.857385478664
"2018-05-05",1.28,4.41,3.3,3.0225,3.13,6590,0,11.9,3.9150635094611,-9.86677251825204,12.0833333333333,-59.2702967037338
"2018-05-06",1.54,4.38,3.325,3.07666666666667,2.84,6990,0.4,15.4,4.25,-7.79422863405995,11.3333333333333,-61.4546838818459
"2018-05-07",1.73,4.35,3.21,3.07125,2.62,7510,0,15.5,-7.01141293817621,15.3708659006038,15.875,122.99890409513
"2018-05-08",2.06,4.39,3.09,3.14083333333333,2.33,7830,0,13.5,2.4760095101689,-3.10480699221706,10.5,-44.6893374726007
"2018-05-09",2.17,4.47,3.11,3.17666666666667,2.3,8280,1,15.2,-6.20442325903662,-1.94459271066772,12.2083333333333,-177.98887149621
"2018-05-10",2.29,4.39,3.055,3.13708333333333,2.1,8590,0,12.1,-2.34425039850356,-8.35623892592501,14.1666666666667,-159.09429825737
"2018-05-11",2.08,4.28,2.975,3.03,2.2,8860,0,13,-3.39839486763391e-15,-2.90590195119119,9.625,-80.5465570123516
"2018-05-12",1.78,4.24,3.085,3.05166666666667,2.46,9270,0,13.2,9.53828200655935,-15.2272413359522,17.125,-45.7111605711892
"2018-05-13",1.47,4.32,3.17,3.09875,2.85,9600,0,17.1,8.60424171990802,-16.0214699700121,16.75,-67.8334974700921
"2018-05-14",1.14,4.39,3.305,3.13083333333333,3.25,9850,0,18.1,0.5,-2.79903810567666,6.33333333333333,-62.1038140039798
"2018-05-15",0.94,4.52,3.46,3.21375,3.58,10200,0,17.7,-5.21321886563741,4.8561603858102,10.625,127.53060825132
"2019-04-11",,,,,,2850,13,7.8,,,,
"2019-04-12",,,,,,2850,0,7.5,,,,
"2019-04-13",,,,,,2810,10,9,,,,
"2019-04-14",1.4,4.63,3.27,3.19333333333333,3.23,2740,0,7.2,-4.56769171737773,-0.347296355333861,9.91666666666667,-170.609261453604
"2019-04-15",1.32,4.59,3.155,3.08416666666667,3.27,2640,0,7.3,2.08045490517785,3.09923155196477,14.75,34.9758441025208
"2019-04-16",1.44,4.7,3.025,3.05291666666667,3.26,2520,0.4,7,-4.30427095761591,6.73575130829341,10.3333333333333,112.866194790659
"2019-04-17",1.48,4.62,2.81,2.95416666666667,3.14,2490,1.6,11.5,-2.08377813200316,9.74494583771008,11.7083333333333,101.197295846392
"2019-04-18",1.53,4.57,2.885,2.92958333333333,3.04,2470,27,10.6,5.48616114660535,13.5060515757769,15.25,69.0256437206529
"2019-04-19",1.3,4.64,3.1,3.0325,3.34,2770,1.6,11.6,4.50742630967009,-18.7300422953619,18.7916666666667,-73.4030998450489
"2019-04-20",0.92,4.51,3.205,3.04583333333333,3.59,2740,0,10.7,9.40555394145587,-22.5346416986286,21.9583333333333,-70.8859816943259
"2019-04-21",0.69,4.43,3.19,3.00875,3.74,2880,0,10.6,-4.25438035283979,16.5981072365559,18.5416666666667,107.806412444684
"2019-04-22",0.75,4.38,3.225,3.02708333333333,3.63,3020,12.8,10,2.86519493150435,16.2493279247014,15.6666666666667,82.8960886542314
"2019-04-23",0.83,4.4,3.34,3.06958333333333,3.57,3110,0,11.9,-1.10218211923262e-15,-8.23248718679841,14.25,-113.326946554706
"2019-04-24",0.88,4.43,3.33,3.01291666666667,3.55,3090,0,9.4,4.86214897467404,-22.6016006090713,20.2916666666667,-68.4405980210241
"2019-04-25",1.08,4.3,3.22,2.97208333333333,3.22,3180,0,6.9,8.87789675178862,-17.3205080756888,17.5833333333333,-46.330987413054
"2019-04-26",1.18,4.35,3.145,3.0075,3.17,3340,0,10.4,2.92563796029685,-14.2548702032532,17.9166666666667,-83.4549998097736
"2019-04-27",1.46,4.25,3.04,3.00375,2.79,3250,0,9.5,8.67133146059544,-42.3467333795249,42.1666666666667,-75.1751004383644
"2019-04-28",1.71,4.08,2.86,2.90166666666667,2.37,3060,0,8.3,3.38613946450513,-8.87658256689205,12.2916666666667,-61.154414666292
"2019-04-29",1.76,4.11,2.85,2.88125,2.35,2900,0,9.1,7.09121150491952,-12.5573683548744,14.375,-43.6692170795634
"2019-04-30",1.97,4.1,2.79,2.89041666666667,2.13,2760,0,9.7,-0.868240888334653,-6.28108891324553,10.25,-102.778434325636
"2019-05-01",2.1,4.16,2.93,2.95416666666667,2.06,2650,0,12.3,-5.08041154510891,7.72055906130562,14.7916666666667,135.054422381527
"2019-05-02",1.82,4.22,2.99,2.98,2.4,2570,0,12.1,-2.86519493150435,8.72861679353659,12.2916666666667,119.827331521347
"2019-05-03",1.46,4.2,3.025,2.94375,2.74,2490,0,12.1,-3.76222157658236,-3.87938524157182,10.25,-139.740765427308
"2019-05-04",1.24,4.17,3.01,2.97,2.93,2450,0,10.9,0.347296355333861,-3.75877048314363,9.16666666666667,-85.1620759542604
"2019-05-05",1.01,4.25,3.24,3.02958333333333,3.24,2470,0,11.3,8.59626665871387,-20.295910972166,21.25,-58.2894146217525
"2019-05-06",0.82,4.3,3.265,3.03041666666667,3.48,2550,0,13,8.10424171990802,-18.7525998614751,20.4166666666667,-66.4190305056883
"2019-05-07",0.64,4.37,3.43,3.03166666666667,3.73,2670,0,13.9,11.2866647297471,-20.765757282559,25.5416666666667,-62.0890448828613
"2019-05-08",0.61,4.4,3.44,3.01416666666667,3.79,2800,0,14.3,10.2292888802734,-18.6195461813654,20.125,-60.360679105995
"2019-05-09",0.76,4.44,3.45,3.06541666666667,3.68,2960,0,15.7,8.42811946296251,-14.7224318643355,14.9166666666667,-61.0365469871097
"2019-05-10",0.94,4.54,3.5,3.1425,3.6,3140,0,16.3,0.260472266500395,-3.97721162951831,6.95833333333333,-75.2865519208778
"2019-05-13",1.49,4.69,3.125,3.13708333333333,3.2,4220,0,12.5,-5.47832165701434,9.74494583771009,12.4166666666667,121.196959098718
"2021-04-24",1.68,4.46,2.955,3.02083333333333,2.78,,10.9,10,-6.10648229202212,6.31417777247591,9.20833333333333,137.68812653946
"2021-04-25",1.87,4.58,2.97,3.05583333333333,2.71,3934.55555555556,7.7,10.1,-1.19403062916867e-15,11.0621778264911,11,97.098772515479
"2021-04-26",1.29,4.67,3.045,3.06958333333333,3.38,3847.60416666667,0,10.1,-4.47746145292513,-0.781416799501188,8.41666666666667,-138.2949779537
"2021-04-27",0.82,4.67,3.045,3.03416666666667,3.85,3722.84722222222,0,11.1,-8.49951326780577,10.6123111018328,14.5,131.848268080666
"2021-04-28",0.45,4.6,3.37,3.02625,4.15,3604.65277777778,1.4,12.2,4.89858719658941e-16,8.35623892592501,10.7916666666667,76.0955551302093
"2021-04-29",0.28,4.51,3.425,3.04416666666667,4.23,3579.79166666667,0.3,13.7,0.999999999999999,-1.53909064496551,7.16666666666667,-57.2252048572671
"2021-04-30",0.35,4.64,3.585,3.13875,4.29,3892.25694444444,13.5,14.2,-4.91438262690729,9.24951326780577,13.9166666666667,125.798201357932
"2021-05-01",0.53,4.71,3.655,3.18083333333333,4.18,4606.28472222222,0,11.9,-2.77837084267089,-13.821857501361,15.7083333333333,-108.993584545269
"2021-05-02",0.75,4.67,3.53,3.12,3.92,5144.20138888889,0,10.8,-1.7364817766693,6.73612416678608,12.3333333333333,117.480839925697
"2021-05-03",0.74,4.62,3.345,3.08041666666667,3.88,5613.47222222222,2.2,10.3,-2.77837084267088,9.64181414529809,13.2083333333333,95.0778084582024
"2021-05-04",1.09,4.54,3.075,3.01291666666667,3.45,5787.95138888889,0,12,-1.47600951016891,-8.45723358707318,8.83333333333333,-85.9721174407319
"2021-05-05",1.38,4.48,3.03,2.99041666666667,3.1,5631.97916666667,0,10.4,3.70441665379394,-6.6611380424681,11.2916666666667,-59.2464100676532
"2021-05-06",1.78,4.53,2.97,3.07041666666667,2.75,5456.97916666667,0.3,13.7,3.9801020972289e-16,3.1649604609449,13.625,113.341461407968
"2021-05-07",2.07,4.4,2.895,2.99291666666667,2.33,5340.59027777778,0,9.8,-9.35567365361598,-8.25,14.2916666666667,-133.241548259378
"2021-05-08",1.68,4.24,2.87,2.90375,2.56,5158.15972222222,0,11.2,-8.25,-7.05531312005727,14.375,-150.910646725064
"2021-05-09",1.48,4.14,2.955,2.91125,2.66,5076.11111111111,0,11.1,-4.78828200655937,-7.27742220963029,11.625,-146.951389710891
"2021-05-10",1.18,4.08,3.01,2.92166666666667,2.9,5136.18055555556,0,11,-0.260472266500396,-6.96129208950588,10,-80.0577449515075
"2022-04-20",0.66,4.57,3.615,3.2425,3.91,1505,5,8.3,-2.51789857617049,18.2827535510821,21.3333333333333,96.1393236869677
"2022-04-22",0.93,4.66,3.69,3.24041666666667,3.73,1506.49305555556,0,9.5,1.81275344148638,-1,9.66666666666667,-39.2175956437933
"2022-04-27",1.78,4.5,2.9,2.96041666666667,2.72,1800.69444444444,0,7.7,-0.781416799501188,-1.30734248596319,10.6666666666667,-98.9171402439621
"2022-04-28",1.73,4.45,2.955,2.95666666666667,2.72,1994.375,0,7.5,-1.04188906600158,-2.34923155196477,10.1666666666667,-74.0414135781296
"2022-05-03",0.78,4.45,3.415,3.06041666666667,3.67,2439.93055555556,2.3,11,-7.87883488259034,6.14254424358943,11.7916666666667,144.08705690648
"2022-05-04",0.94,4.36,3.44,3.05041666666667,3.42,2592.77777777778,1.9,10.1,0.955064977168118,9.91644264156714,10.8333333333333,59.2741067190939
"2022-05-10",1.84,4.35,2.96,3.07291666666667,2.51,4667.11805555556,0.9,11.3,-1.7364817766693,9.67403876506104,12.5416666666667,114.453949812445
"2022-05-11",1.88,4.3,2.945,2.98333333333333,2.42,4523.9222614841,0.9,10.7,-6.94682713554273,6.25,12.75,138.26739080652
