"date","elev.min","elev.max","elev.median","elev.mean","elev.range","dateR","DOY","Year"
1991-04-15,0.73,4.34,3.26,2.99125,3.61,1991-04-15,105,1991
1991-04-16,0.56,4.43,3.355,3.03,3.87,1991-04-16,106,1991
1991-04-17,0.41,4.47,3.43,3.01666666666667,4.06,1991-04-17,107,1991
1991-04-18,0.4,4.5,3.445,2.98166666666667,4.1,1991-04-18,108,1991
1991-04-19,0.54,4.46,3.5,2.95875,3.92,1991-04-19,109,1991
1991-04-20,0.77,4.49,3.45,2.95625,3.72,1991-04-20,110,1991
1991-04-21,1.07,4.49,3.305,2.96708333333333,3.42,1991-04-21,111,1991
1991-04-22,1.4,4.48,3.075,2.98166666666667,3.08,1991-04-22,112,1991
1991-04-23,1.89,4.46,3.06,3.12041666666667,2.57,1991-04-23,113,1991
1991-04-24,2.14,4.63,3.12,3.20083333333333,2.49,1991-04-24,114,1991
1991-04-25,1.87,4.48,3.165,3.13666666666667,2.61,1991-04-25,115,1991
1991-04-26,1.46,4.36,3.145,3.11083333333333,2.9,1991-04-26,116,1991
1991-04-27,1.05,4.22,3.155,2.99125,3.17,1991-04-27,117,1991
1991-04-28,0.84,4.27,3.185,2.96041666666667,3.43,1991-04-28,118,1991
1991-04-29,0.59,4.29,3.215,2.86708333333333,3.7,1991-04-29,119,1991
1991-04-30,0.63,4.36,3.29,2.91166666666667,3.73,1991-04-30,120,1991
1991-05-01,0.68,4.35,3.305,2.9375,3.67,1991-05-01,121,1991
1991-05-02,0.9,4.44,3.365,2.98916666666667,3.54,1991-05-02,122,1991
1991-05-03,1.07,4.38,3.47,3.05291666666667,3.31,1991-05-03,123,1991
1991-05-04,1.19,4.29,3.395,2.99208333333333,3.1,1991-05-04,124,1991
1991-05-05,1.48,4.26,3.33,3.01625,2.78,1991-05-05,125,1991
1991-05-06,1.72,4.26,3.21,3.05208333333333,2.54,1991-05-06,126,1991
1991-05-07,2.1,4.33,3.1,3.14375,2.23,1991-05-07,127,1991
1991-05-08,2.29,4.44,3.035,3.16666666666667,2.15,1991-05-08,128,1991
1991-05-09,2.23,4.27,2.965,3.05625,2.04,1991-05-09,129,1991
1991-05-10,1.68,4.23,3.015,2.98916666666667,2.55,1991-05-10,130,1991
1991-05-11,1.33,4.21,3.24,3.05625,2.88,1991-05-11,131,1991
1991-05-12,0.92,4.38,3.355,3.06208333333333,3.46,1991-05-12,132,1991
1991-05-13,0.53,4.43,3.425,3.05041666666667,3.9,1991-05-13,133,1991
1991-05-14,0.23,4.51,3.555,2.99458333333333,4.28,1991-05-14,134,1991
1991-05-15,0.12,4.66,3.52,3.00833333333333,4.54,1991-05-15,135,1991
1992-04-15,1.68,4.67,3.32,3.31958333333333,2.99,1992-04-15,106,1992
1992-04-16,1.49,4.81,3.545,3.46041666666667,3.32,1992-04-16,107,1992
1992-04-17,1.18,4.85,3.66,3.42333333333333,3.67,1992-04-17,108,1992
1992-04-18,0.74,4.62,3.485,3.17291666666667,3.88,1992-04-18,109,1992
1992-04-19,0.71,4.68,3.41,3.15125,3.97,1992-04-19,110,1992
1992-04-20,0.82,4.6,3.52,3.14875,3.78,1992-04-20,111,1992
1992-04-21,0.99,4.59,3.51,3.12666666666667,3.6,1992-04-21,112,1992
1992-04-22,1.08,4.38,3.495,3.06125,3.3,1992-04-22,113,1992
1992-04-23,1.26,4.3,3.255,2.94875,3.04,1992-04-23,114,1992
1992-04-24,1.73,4.27,3.15,3.03333333333333,2.54,1992-04-24,115,1992
1992-04-25,1.99,4.3,3.015,3.07208333333333,2.31,1992-04-25,116,1992
1992-04-26,2.26,4.37,3.035,3.1325,2.11,1992-04-26,117,1992
1992-04-27,2.38,4.29,3.055,3.13291666666667,1.91,1992-04-27,118,1992
1992-04-28,2.11,4.21,3.09,3.10833333333333,2.1,1992-04-28,119,1992
1992-04-29,2.01,4.32,3.335,3.29541666666667,2.31,1992-04-29,120,1992
1992-04-30,1.57,4.39,3.325,3.19416666666667,2.82,1992-04-30,121,1992
1992-05-01,1.12,4.17,3.285,3.04625,3.05,1992-05-01,122,1992
1992-05-02,0.81,4.29,3.4,3.01666666666667,3.48,1992-05-02,123,1992
1992-05-03,0.58,4.49,3.435,3.00291666666667,3.91,1992-05-03,124,1992
1992-05-04,0.48,4.61,3.505,3.07416666666667,4.13,1992-05-04,125,1992
1992-05-05,0.51,4.62,3.58,3.08333333333333,4.11,1992-05-05,126,1992
1992-05-06,0.54,4.62,3.57,3.05041666666667,4.08,1992-05-06,127,1992
1992-05-07,0.7,4.54,3.485,3.01375,3.84,1992-05-07,128,1992
1992-05-08,1.05,4.6,3.32,3.03541666666667,3.55,1992-05-08,129,1992
1992-05-09,1.42,4.59,3.145,3.06166666666667,3.17,1992-05-09,130,1992
1992-05-10,1.85,4.73,3.08,3.17458333333333,2.88,1992-05-10,131,1992
1992-05-11,2.1,4.58,2.955,3.05166666666667,2.48,1992-05-11,132,1992
1992-05-12,1.65,4.43,2.99,3.03583333333333,2.78,1992-05-12,133,1992
1992-05-13,1.24,4.4,3.2,3.03708333333333,3.16,1992-05-13,134,1992
1992-05-14,0.91,4.39,3.305,3.07833333333333,3.48,1992-05-14,135,1992
1992-05-15,0.78,4.42,3.45,3.11166666666667,3.64,1992-05-15,136,1992
1993-04-15,1.93,4.43,3.055,3.09916666666667,2.5,1993-04-15,105,1993
1993-04-16,2.19,4.28,3.1,3.12625,2.09,1993-04-16,106,1993
1993-04-17,2.38,4.29,3.195,3.20791666666667,1.91,1993-04-17,107,1993
1993-04-18,2.01,4.33,3.19,3.14625,2.32,1993-04-18,108,1993
1993-04-19,1.7,4.04,3.01,3.01666666666667,2.34,1993-04-19,109,1993
1993-04-20,1.44,4.14,3.235,3.11125,2.7,1993-04-20,110,1993
1993-04-21,1.32,4.27,3.24,3.1125,2.95,1993-04-21,111,1993
1993-04-22,1.17,4.4,3.44,3.15833333333333,3.23,1993-04-22,112,1993
1993-04-23,1.15,4.63,3.575,3.23541666666667,3.48,1993-04-23,113,1993
1993-04-24,1.03,4.58,3.515,3.2425,3.55,1993-04-24,114,1993
1993-04-25,1.13,4.59,3.535,3.23333333333333,3.46,1993-04-25,115,1993
1993-04-26,1.08,4.5,3.535,3.17166666666667,3.42,1993-04-26,116,1993
1993-04-27,0.99,4.42,3.44,3.0175,3.43,1993-04-27,117,1993
1993-04-28,1.18,4.4,3.305,2.99708333333333,3.22,1993-04-28,118,1993
1993-04-29,1.35,4.39,3.17,2.98666666666667,3.04,1993-04-29,119,1993
1993-04-30,1.55,4.43,2.935,2.93083333333333,2.88,1993-04-30,120,1993
1993-05-01,2.04,4.44,3.045,3.06125,2.4,1993-05-01,121,1993
1993-05-02,1.81,4.45,3.03,3.04458333333333,2.64,1993-05-02,122,1993
1993-05-03,1.57,4.59,3.215,3.23333333333333,3.02,1993-05-03,123,1993
1993-05-04,0.96,4.58,3.26,3.11708333333333,3.62,1993-05-04,124,1993
1993-05-05,0.65,4.55,3.44,3.12791666666667,3.9,1993-05-05,125,1993
1993-05-06,0.6,4.64,3.555,3.16958333333333,4.04,1993-05-06,126,1993
1993-05-07,0.52,4.81,3.695,3.19291666666667,4.29,1993-05-07,127,1993
1993-05-08,0.42,4.71,3.455,3.10583333333333,4.29,1993-05-08,128,1993
1993-05-09,0.63,4.7,3.415,3.06916666666667,4.07,1993-05-09,129,1993
1993-05-10,0.97,4.71,3.46,3.1175,3.74,1993-05-10,130,1993
1993-05-11,1.19,4.56,3.275,3.05583333333333,3.37,1993-05-11,131,1993
1993-05-12,1.62,4.62,3.13,3.08916666666667,3,1993-05-12,132,1993
1993-05-13,1.95,4.53,3.01,3.09083333333333,2.58,1993-05-13,133,1993
1993-05-14,2.32,4.39,2.96,3.09375,2.07,1993-05-14,134,1993
1993-05-15,2.22,4.33,3.045,3.12541666666667,2.11,1993-05-15,135,1993
1994-04-15,1.08,4.16,3.145,2.925,3.08,1994-04-15,105,1994
1994-04-16,1.19,4.13,3.26,2.94125,2.94,1994-04-16,106,1994
1994-04-17,1.29,4.12,3.215,2.91375,2.83,1994-04-17,107,1994
1994-04-18,1.46,4.09,3.205,2.93708333333333,2.63,1994-04-18,108,1994
1994-04-19,1.58,4.19,3.055,2.93416666666667,2.61,1994-04-19,109,1994
1994-04-20,1.82,4.17,2.96,2.95333333333333,2.35,1994-04-20,110,1994
1994-04-21,1.86,4.26,2.955,3.01083333333333,2.4,1994-04-21,111,1994
1994-04-22,2.05,4.24,2.96,3.03208333333333,2.19,1994-04-22,112,1994
1994-04-23,1.66,4.41,3.15,3.11583333333333,2.75,1994-04-23,113,1994
1994-04-24,1.24,4.48,3.185,3.13541666666667,3.24,1994-04-24,114,1994
1994-04-25,0.85,4.67,3.34,3.15291666666667,3.82,1994-04-25,115,1994
1994-04-26,0.52,4.52,3.31,3.03791666666667,4,1994-04-26,116,1994
1994-04-27,0.35,4.51,3.335,2.97166666666667,4.16,1994-04-27,117,1994
1994-04-28,0.32,4.53,3.28,2.96208333333333,4.21,1994-04-28,118,1994
1994-04-29,0.58,4.53,3.34,2.99916666666667,3.95,1994-04-29,119,1994
1994-04-30,0.78,4.45,3.205,2.92708333333333,3.67,1994-04-30,120,1994
1994-05-01,1.17,4.49,3.135,2.95958333333333,3.32,1994-05-01,121,1994
1994-05-02,1.5,4.45,3.055,2.96916666666667,2.95,1994-05-02,122,1994
1994-05-03,1.97,4.4,2.925,3.02375,2.43,1994-05-03,123,1994
1994-05-04,2.27,4.43,3.01,3.09583333333333,2.16,1994-05-04,124,1994
1994-05-05,2.01,4.26,2.955,3.03958333333333,2.25,1994-05-05,125,1994
1994-05-06,1.75,4.12,3.015,3.02625,2.37,1994-05-06,126,1994
1994-05-07,1.56,4.12,3.13,3.06333333333333,2.56,1994-05-07,127,1994
1994-05-08,1.37,4.05,3.25,3.07,2.68,1994-05-08,128,1994
1994-05-09,1.19,4.18,3.34,3.07833333333333,2.99,1994-05-09,129,1994
1994-05-10,1.08,4.24,3.39,3.05916666666667,3.16,1994-05-10,130,1994
1994-05-11,1.03,4.37,3.445,3.0975,3.34,1994-05-11,131,1994
1994-05-12,0.98,4.39,3.395,3.06,3.41,1994-05-12,132,1994
1994-05-13,0.93,4.37,3.395,3.02958333333333,3.44,1994-05-13,133,1994
1994-05-14,1.09,4.49,3.36,3.07458333333333,3.4,1994-05-14,134,1994
1994-05-15,1.27,4.47,3.435,3.1375,3.2,1994-05-15,135,1994
1995-04-15,1.03,4.29,3.11,3.00541666666667,3.26,1995-04-15,105,1995
1995-04-16,0.69,4.43,3.11,2.9775,3.74,1995-04-16,106,1995
1995-04-17,0.68,4.48,3.355,3.07791666666667,3.8,1995-04-17,107,1995
1995-04-18,0.59,4.43,3.25,2.98041666666667,3.84,1995-04-18,108,1995
1995-04-19,0.71,4.57,3.22,3.00541666666667,3.86,1995-04-19,109,1995
1995-04-20,0.87,4.38,3.43,3.0375,3.51,1995-04-20,110,1995
1995-04-21,0.99,4.3,3.105,2.85166666666667,3.31,1995-04-21,111,1995
1995-04-22,1.28,4.31,2.875,2.82958333333333,3.03,1995-04-22,112,1995
1995-04-23,1.67,4.29,2.91,2.88166666666667,2.62,1995-04-23,113,1995
1995-04-24,2.01,4.31,2.885,2.98958333333333,2.3,1995-04-24,114,1995
1995-04-25,1.91,4.31,2.885,3.00416666666667,2.4,1995-04-25,115,1995
1995-04-26,1.7,4.28,3.13,3.07583333333333,2.58,1995-04-26,116,1995
1995-04-27,1.56,4.3,3.205,3.16458333333333,2.74,1995-04-27,117,1995
1995-04-28,1.35,4.24,3.31,3.13625,2.89,1995-04-28,118,1995
1995-04-29,1.29,4.36,3.35,3.15333333333333,3.07,1995-04-29,119,1995
1995-04-30,1.01,4.31,3.33,3.06333333333333,3.3,1995-04-30,120,1995
1995-05-01,1.14,4.44,3.39,3.12583333333333,3.3,1995-05-01,121,1995
1995-05-02,1.1,4.33,3.395,3.08458333333333,3.23,1995-05-02,122,1995
1995-05-03,1.09,4.29,3.275,2.99708333333333,3.2,1995-05-03,123,1995
1995-05-04,1.21,4.3,3.265,3.01166666666667,3.09,1995-05-04,124,1995
1995-05-05,1.43,4.21,3.23,3.00708333333333,2.78,1995-05-05,125,1995
1995-05-06,1.58,4.19,3.15,2.96875,2.61,1995-05-06,126,1995
1995-05-07,1.78,4.11,3.005,2.95958333333333,2.33,1995-05-07,127,1995
1995-05-08,2.04,4.17,2.9,2.97458333333333,2.13,1995-05-08,128,1995
1995-05-09,2.24,4.13,2.895,2.99416666666667,1.89,1995-05-09,129,1995
1995-05-10,2.11,4.18,3.02,3.04916666666667,2.07,1995-05-10,130,1995
1995-05-11,1.86,4.33,3.225,3.14958333333333,2.47,1995-05-11,131,1995
1995-05-12,1.43,4.39,3.205,3.14333333333333,2.96,1995-05-12,132,1995
1995-05-13,0.93,4.46,3.3,3.06708333333333,3.53,1995-05-13,133,1995
1995-05-14,0.58,4.45,3.37,3.055,3.87,1995-05-14,134,1995
1995-05-15,0.45,4.57,3.44,3.09333333333333,4.12,1995-05-15,135,1995
1996-04-15,1.92,4.52,3.105,3.195,2.6,1996-04-15,106,1996
1996-04-16,1.84,4.72,3.495,3.42,2.88,1996-04-16,107,1996
1996-04-17,1.48,4.62,3.475,3.37416666666667,3.14,1996-04-17,108,1996
1996-04-18,1.34,4.61,3.46,3.30041666666667,3.27,1996-04-18,109,1996
1996-04-19,1.21,4.56,3.47,3.22166666666667,3.35,1996-04-19,110,1996
1996-04-20,1.09,4.54,3.295,3.18625,3.45,1996-04-20,111,1996
1996-04-21,1.15,4.55,3.395,3.1625,3.4,1996-04-21,112,1996
1996-04-22,1.39,4.61,3.5,3.25375,3.22,1996-04-22,113,1996
1996-04-23,1.79,4.87,3.58,3.4275,3.08,1996-04-23,114,1996
1996-04-24,1.85,4.73,3.625,3.37083333333333,2.88,1996-04-24,115,1996
1996-04-25,2.17,4.39,3.28,3.26416666666667,2.22,1996-04-25,116,1996
1996-04-26,2.03,4.4,3.145,3.1425,2.37,1996-04-26,117,1996
1996-04-27,2.04,4.28,2.915,2.99333333333333,2.24,1996-04-27,118,1996
1996-04-28,2.13,4.09,2.88,2.93208333333333,1.96,1996-04-28,119,1996
1996-04-29,2.03,4.05,2.915,2.95416666666667,2.02,1996-04-29,120,1996
1996-04-30,1.65,4.11,3.065,2.9675,2.46,1996-04-30,121,1996
1996-05-01,1.43,4.19,3.08,3.03458333333333,2.76,1996-05-01,122,1996
1996-05-02,1.14,4.25,3.22,3.04958333333333,3.11,1996-05-02,123,1996
1996-05-03,0.91,4.31,3.28,3.04541666666667,3.4,1996-05-03,124,1996
1996-05-04,0.64,4.39,3.285,2.99833333333333,3.75,1996-05-04,125,1996
1996-05-05,0.54,4.46,3.32,2.99625,3.92,1996-05-05,126,1996
1996-05-06,0.62,4.56,3.32,3.03375,3.94,1996-05-06,127,1996
1996-05-07,0.72,4.5,3.385,3.04,3.78,1996-05-07,128,1996
1996-05-08,0.84,4.48,3.26,2.96208333333333,3.64,1996-05-08,129,1996
1996-05-09,1.13,4.47,3.095,2.93125,3.34,1996-05-09,130,1996
1996-05-10,1.46,4.48,2.965,2.92875,3.02,1996-05-10,131,1996
1996-05-11,1.84,4.43,2.825,2.95125,2.59,1996-05-11,132,1996
1996-05-12,1.98,4.44,2.97,3.00833333333333,2.46,1996-05-12,133,1996
1996-05-13,1.69,4.45,3.15,3.09708333333333,2.76,1996-05-13,134,1996
1996-05-14,1.52,4.47,3.26,3.18541666666667,2.95,1996-05-14,135,1996
1996-05-15,1.25,4.48,3.475,3.20625,3.23,1996-05-15,136,1996
1997-04-15,1.84,4.12,3.085,3.01791666666667,2.28,1997-04-15,105,1997
1997-04-16,2,4.28,3.11,3.12125,2.28,1997-04-16,106,1997
1997-04-17,2.02,4.16,2.945,3.02833333333333,2.14,1997-04-17,107,1997
1997-04-18,2.2,4.19,3.045,3.08041666666667,1.99,1997-04-18,108,1997
1997-04-19,2.17,4.19,3.08,3.1525,2.02,1997-04-19,109,1997
1997-04-20,1.99,4.33,3.2,3.15333333333333,2.34,1997-04-20,110,1997
1997-04-21,1.6,4.13,3.17,3.05666666666667,2.53,1997-04-21,111,1997
1997-04-22,1.42,4.28,3.235,3.10916666666667,2.86,1997-04-22,112,1997
1997-04-23,1.26,4.31,3.32,3.14958333333333,3.05,1997-04-23,113,1997
1997-04-24,1.05,4.26,3.305,3.02125,3.21,1997-04-24,114,1997
1997-04-25,0.89,4.34,3.155,3.00375,3.45,1997-04-25,115,1997
1997-04-26,1.05,4.48,3.29,3.08166666666667,3.43,1997-04-26,116,1997
1997-04-27,0.99,4.42,3.335,3.025,3.43,1997-04-27,117,1997
1997-04-28,1.18,4.51,3.385,3.05708333333333,3.33,1997-04-28,118,1997
1997-04-29,1.28,4.43,3.29,3.0525,3.15,1997-04-29,119,1997
1997-04-30,1.64,4.52,3.16,3.1175,2.88,1997-04-30,120,1997
1997-05-01,1.68,4.5,3.04,3.0125,2.82,1997-05-01,121,1997
1997-05-02,2.04,4.45,3.025,3.08625,2.41,1997-05-02,122,1997
1997-05-03,1.94,4.67,3.075,3.16875,2.73,1997-05-03,123,1997
1997-05-04,1.48,4.62,3.29,3.13375,3.14,1997-05-04,124,1997
1997-05-05,1.23,4.62,3.28,3.18416666666667,3.39,1997-05-05,125,1997
1997-05-06,0.9,4.62,3.425,3.17416666666667,3.72,1997-05-06,126,1997
1997-05-07,0.61,4.49,3.335,3.03666666666667,3.88,1997-05-07,127,1997
1997-05-08,0.63,4.56,3.365,3.05166666666667,3.93,1997-05-08,128,1997
1997-05-09,0.66,4.57,3.325,3.03708333333333,3.91,1997-05-09,129,1997
1997-05-10,0.77,4.48,3.175,2.94916666666667,3.71,1997-05-10,130,1997
1997-05-11,1.03,4.42,3.24,2.95791666666667,3.39,1997-05-11,131,1997
1997-05-12,1.46,4.44,3.24,3.065,2.98,1997-05-12,132,1997
1997-05-13,1.73,4.37,3.165,3.09166666666667,2.64,1997-05-13,133,1997
1997-05-14,2.01,4.39,3.055,3.09833333333333,2.38,1997-05-14,134,1997
1997-05-15,2.28,4.31,2.995,3.09791666666667,2.03,1997-05-15,135,1997
1998-04-15,1.31,4.2,3.225,3.055,2.89,1998-04-15,105,1998
1998-04-16,1.22,4.11,3.2,2.98208333333333,2.89,1998-04-16,106,1998
1998-04-17,1.2,4.11,3.14,2.92375,2.91,1998-04-17,107,1998
1998-04-18,1.45,4.12,3.22,2.98625,2.67,1998-04-18,108,1998
1998-04-19,1.39,4.1,3.145,2.89791666666667,2.71,1998-04-19,109,1998
1998-04-20,1.51,4.15,3.1,2.92791666666667,2.64,1998-04-20,110,1998
1998-04-21,1.52,4.25,2.955,2.91166666666667,2.73,1998-04-21,111,1998
1998-04-22,1.71,4.32,2.96,2.99,2.61,1998-04-22,112,1998
1998-04-23,1.83,4.47,3.115,3.08708333333333,2.64,1998-04-23,113,1998
1998-04-24,1.64,4.51,3,3.05166666666667,2.87,1998-04-24,114,1998
1998-04-25,1.15,4.49,3.125,2.98208333333333,3.34,1998-04-25,115,1998
1998-04-26,0.82,4.47,3.04,2.96625,3.65,1998-04-26,116,1998
1998-04-27,0.54,4.49,3.175,2.97125,3.95,1998-04-27,117,1998
1998-04-28,0.48,4.52,3.27,2.98958333333333,4.04,1998-04-28,118,1998
1998-04-29,0.58,4.57,3.26,3.0075,3.99,1998-04-29,119,1998
1998-04-30,0.74,4.63,3.325,3.04041666666667,3.89,1998-04-30,120,1998
1998-05-01,1.12,4.68,3.405,3.11916666666667,3.56,1998-05-01,121,1998
1998-05-02,1.39,4.54,3.315,3.13166666666667,3.15,1998-05-02,122,1998
1998-05-03,1.7,4.57,3.125,3.07833333333333,2.87,1998-05-03,123,1998
1998-05-04,2.04,4.44,3.055,3.12208333333333,2.4,1998-05-04,124,1998
1998-05-05,2.33,4.46,3.06,3.21166666666667,2.13,1998-05-05,125,1998
1998-05-06,2.3,4.44,3.15,3.18916666666667,2.14,1998-05-06,126,1998
1998-05-07,2.02,4.32,3.13,3.14291666666667,2.3,1998-05-07,127,1998
1998-05-08,1.8,4.24,3.245,3.1275,2.44,1998-05-08,128,1998
1998-05-09,1.58,4.12,3.17,3.08041666666667,2.54,1998-05-09,129,1998
1998-05-10,1.4,4.19,3.25,3.1275,2.79,1998-05-10,130,1998
1998-05-11,1.31,4.31,3.43,3.16208333333333,3,1998-05-11,131,1998
1998-05-12,1.18,4.48,3.455,3.19541666666667,3.3,1998-05-12,132,1998
1998-05-13,1.14,4.49,3.42,3.17041666666667,3.35,1998-05-13,133,1998
1998-05-14,1.13,4.52,3.455,3.18583333333333,3.39,1998-05-14,134,1998
1998-05-15,1.02,4.44,3.41,3.10458333333333,3.42,1998-05-15,135,1998
1999-04-15,1.25,4.19,2.845,2.82541666666667,2.94,1999-04-15,105,1999
1999-04-16,1.02,4.4,3.065,2.94375,3.38,1999-04-16,106,1999
1999-04-17,0.84,4.51,3.11,2.99583333333333,3.67,1999-04-17,107,1999
1999-04-18,0.61,4.47,3.22,2.975,3.86,1999-04-18,108,1999
1999-04-19,0.56,4.48,3.045,2.97541666666667,3.92,1999-04-19,109,1999
1999-04-20,0.67,4.48,3.265,2.97541666666667,3.81,1999-04-20,110,1999
1999-04-21,0.87,4.46,3.225,2.96541666666667,3.59,1999-04-21,111,1999
1999-04-22,0.97,4.41,3.13,2.84375,3.44,1999-04-22,112,1999
1999-04-23,1.28,4.27,2.955,2.83916666666667,2.99,1999-04-23,113,1999
1999-04-24,1.61,4.33,2.925,2.95208333333333,2.72,1999-04-24,114,1999
1999-04-25,1.8,4.42,2.935,3.02458333333333,2.62,1999-04-25,115,1999
1999-04-26,1.92,4.27,2.95,2.98291666666667,2.35,1999-04-26,116,1999
1999-04-27,1.86,4.2,2.975,3.01,2.34,1999-04-27,117,1999
1999-04-28,1.58,4.18,3.04,2.97125,2.6,1999-04-28,118,1999
1999-04-29,1.32,4.02,3.055,2.95166666666667,2.7,1999-04-29,119,1999
1999-04-30,1.27,4.15,3.195,3.03125,2.88,1999-04-30,120,1999
1999-05-01,1.31,4.32,3.24,3.13583333333333,3.01,1999-05-01,121,1999
1999-05-02,1.29,4.44,3.49,3.18916666666667,3.15,1999-05-02,122,1999
1999-05-03,1.27,4.46,3.435,3.23166666666667,3.19,1999-05-03,123,1999
1999-05-04,1.18,4.29,3.375,3.10208333333333,3.11,1999-05-04,124,1999
1999-05-05,1.11,4.27,3.27,2.94666666666667,3.16,1999-05-05,125,1999
1999-05-06,1.4,4.4,3.365,3.1025,3,1999-05-06,126,1999
1999-05-07,1.43,4.3,3.295,3.02416666666667,2.87,1999-05-07,127,1999
1999-05-08,1.56,4.3,3.135,2.97833333333333,2.74,1999-05-08,128,1999
1999-05-09,1.68,4.26,2.92,2.94,2.58,1999-05-09,129,1999
1999-05-10,1.82,4.27,2.84,2.94416666666667,2.45,1999-05-10,130,1999
1999-05-11,2.03,4.33,2.98,3.01875,2.3,1999-05-11,131,1999
1999-05-12,1.81,4.41,3.075,3.05375,2.6,1999-05-12,132,1999
1999-05-13,1.27,4.5,3.225,3.04041666666667,3.23,1999-05-13,133,1999
1999-05-14,0.91,4.55,3.245,3.075,3.64,1999-05-14,134,1999
1999-05-15,0.53,4.61,3.36,3.06458333333333,4.08,1999-05-15,135,1999
2000-04-15,1.69,4.57,3.185,3.14083333333333,2.88,2000-04-15,106,2000
2000-04-16,1.84,4.5,3.15,3.08916666666667,2.66,2000-04-16,107,2000
2000-04-17,1.64,4.37,3.025,3.065,2.73,2000-04-17,108,2000
2000-04-18,1.44,4.41,3.2,3.09083333333333,2.97,2000-04-18,109,2000
2000-04-19,1.15,4.27,3.18,3.02833333333333,3.12,2000-04-19,110,2000
2000-04-20,1.09,4.32,3.29,3.03041666666667,3.23,2000-04-20,111,2000
2000-04-21,1.16,4.5,3.215,3.1325,3.34,2000-04-21,112,2000
2000-04-22,1.17,4.37,3.36,3.12458333333333,3.2,2000-04-22,113,2000
2000-04-23,1.28,4.31,3.35,3.06083333333333,3.03,2000-04-23,114,2000
2000-04-24,1.26,4.29,3.23,2.94666666666667,3.03,2000-04-24,115,2000
2000-04-25,1.53,4.2,3.42,3.07833333333333,2.67,2000-04-25,116,2000
2000-04-26,1.62,4.19,3.125,2.9575,2.57,2000-04-26,117,2000
2000-04-27,1.88,4.26,3.265,3.12958333333333,2.38,2000-04-27,118,2000
2000-04-28,1.89,4.32,3.095,3.10333333333333,2.43,2000-04-28,119,2000
2000-04-29,1.94,4.25,2.905,2.99958333333333,2.31,2000-04-29,120,2000
2000-04-30,2.03,4.26,2.98,3.02791666666667,2.23,2000-04-30,121,2000
2000-05-01,1.89,4.29,3.005,3.04333333333333,2.4,2000-05-01,122,2000
2000-05-02,1.54,4.38,3.085,3.09041666666667,2.84,2000-05-02,123,2000
2000-05-03,1.21,4.54,3.27,3.16208333333333,3.33,2000-05-03,124,2000
2000-05-04,0.87,4.48,3.395,3.11958333333333,3.61,2000-05-04,125,2000
2000-05-05,0.64,4.58,3.46,3.14166666666667,3.94,2000-05-05,126,2000
2000-05-06,0.44,4.61,3.46,3.07041666666667,4.17,2000-05-06,127,2000
2000-05-07,0.39,4.64,3.375,3.01083333333333,4.25,2000-05-07,128,2000
2000-05-08,0.56,4.67,3.44,3.0175,4.11,2000-05-08,129,2000
2000-05-09,0.97,4.81,3.45,3.10458333333333,3.84,2000-05-09,130,2000
2000-05-10,1.27,4.75,3.46,3.16041666666667,3.48,2000-05-10,131,2000
2000-05-11,1.47,4.8,3.125,3.07583333333333,3.33,2000-05-11,132,2000
2000-05-12,1.69,4.61,2.845,3.00416666666667,2.92,2000-05-12,133,2000
2000-05-13,2.07,4.54,2.97,3.055,2.47,2000-05-13,134,2000
2000-05-14,1.87,4.47,3.125,3.11375,2.6,2000-05-14,135,2000
2000-05-15,1.51,4.42,3.275,3.10791666666667,2.91,2000-05-15,136,2000
2001-04-15,1.41,4.18,3.135,2.88625,2.77,2001-04-15,105,2001
2001-04-16,1.64,4.21,3.095,2.98625,2.57,2001-04-16,106,2001
2001-04-17,1.78,4.38,3,3.03541666666667,2.6,2001-04-17,107,2001
2001-04-18,1.84,4.29,2.985,3.035,2.45,2001-04-18,108,2001
2001-04-19,1.9,4.26,3.07,3.03583333333333,2.36,2001-04-19,109,2001
2001-04-20,1.99,4.3,3.03,3.06791666666667,2.31,2001-04-20,110,2001
2001-04-21,1.86,4.18,3.02,2.98416666666667,2.32,2001-04-21,111,2001
2001-04-22,1.5,4.1,2.995,2.94958333333333,2.6,2001-04-22,112,2001
2001-04-23,1.3,4.2,3.095,2.97541666666667,2.9,2001-04-23,113,2001
2001-04-24,1,4.21,3.11,2.97416666666667,3.21,2001-04-24,114,2001
2001-04-25,0.77,4.37,3.295,2.96583333333333,3.6,2001-04-25,115,2001
2001-04-26,0.67,4.44,3.28,3.01166666666667,3.77,2001-04-26,116,2001
2001-04-27,0.65,4.51,3.36,3.01791666666667,3.86,2001-04-27,117,2001
2001-04-28,0.72,4.55,3.52,3.03375,3.83,2001-04-28,118,2001
2001-04-29,1.03,4.56,3.595,3.12083333333333,3.53,2001-04-29,119,2001
2001-04-30,1.28,4.59,3.51,3.1625,3.31,2001-04-30,120,2001
2001-05-01,1.19,4.58,3.175,2.99333333333333,3.39,2001-05-01,121,2001
2001-05-02,1.24,4.47,2.82,2.82,3.23,2001-05-02,122,2001
2001-05-03,1.5,4.38,2.75,2.85916666666667,2.88,2001-05-03,123,2001
2001-05-04,1.84,4.45,3.04,3.005,2.61,2001-05-04,124,2001
2001-05-05,1.34,4.48,3.015,2.97958333333333,3.14,2001-05-05,125,2001
2001-05-06,0.92,4.37,3.1,2.91916666666667,3.45,2001-05-06,126,2001
2001-05-07,0.7,4.24,3.16,2.91208333333333,3.54,2001-05-07,127,2001
2001-05-08,0.52,4.35,3.205,2.91791666666667,3.83,2001-05-08,128,2001
2001-05-09,0.5,4.44,3.175,2.91875,3.94,2001-05-09,129,2001
2001-05-10,0.51,4.45,3.335,2.89916666666667,3.94,2001-05-10,130,2001
2001-05-11,0.67,4.47,3.31,2.9225,3.8,2001-05-11,131,2001
2001-05-12,1.07,4.48,3.36,3.02291666666667,3.41,2001-05-12,132,2001
2001-05-13,1.22,4.47,3.27,2.96458333333333,3.25,2001-05-13,133,2001
2001-05-14,1.69,4.42,3.29,3.13416666666667,2.73,2001-05-14,134,2001
2001-05-15,1.92,4.54,3.055,3.13041666666667,2.62,2001-05-15,135,2001
2002-04-15,1.25,4.37,3.33,3.17916666666667,3.12,2002-04-15,105,2002
2002-04-16,1.21,4.39,3.39,3.16208333333333,3.18,2002-04-16,106,2002
2002-04-17,0.97,4.26,3.405,3.00833333333333,3.29,2002-04-17,107,2002
2002-04-18,0.82,4.18,3.335,2.84458333333333,3.36,2002-04-18,108,2002
2002-04-19,0.9,4.15,3.31,2.80458333333333,3.25,2002-04-19,109,2002
2002-04-20,1.04,4.26,3.305,2.85875,3.22,2002-04-20,110,2002
2002-04-21,1.16,4.33,3.165,2.89166666666667,3.17,2002-04-21,111,2002
2002-04-22,1.34,4.41,3.015,2.95875,3.07,2002-04-22,112,2002
2002-04-23,1.21,4.28,2.825,2.78583333333333,3.07,2002-04-23,113,2002
2002-04-24,1.43,4.24,2.775,2.79583333333333,2.81,2002-04-24,114,2002
2002-04-25,1.43,4.4,3.02,2.89416666666667,2.97,2002-04-25,115,2002
2002-04-26,1.09,4.51,3.1,3.02166666666667,3.42,2002-04-26,116,2002
2002-04-27,0.79,4.64,3.24,3.06208333333333,3.85,2002-04-27,117,2002
2002-04-28,0.51,4.49,3.31,2.985,3.98,2002-04-28,118,2002
2002-04-29,0.37,4.5,3.255,2.96375,4.13,2002-04-29,119,2002
2002-04-30,0.44,4.53,3.32,2.97333333333333,4.09,2002-04-30,120,2002
2002-05-01,0.67,4.55,3.41,2.96625,3.88,2002-05-01,121,2002
2002-05-02,1.02,4.59,3.45,3.0425,3.57,2002-05-02,122,2002
2002-05-03,1.19,4.51,3.155,2.89875,3.32,2002-05-03,123,2002
2002-05-04,1.5,4.38,3.025,2.92708333333333,2.88,2002-05-04,124,2002
2002-05-05,1.84,4.41,2.97,3.03375,2.57,2002-05-05,125,2002
2002-05-06,1.91,4.28,2.815,2.93041666666667,2.37,2002-05-06,126,2002
2002-05-07,2.1,4.14,2.77,2.90875,2.04,2002-05-07,127,2002
2002-05-08,1.87,4.1,2.855,2.91291666666667,2.23,2002-05-08,128,2002
2002-05-09,1.61,4.03,2.96,2.91458333333333,2.42,2002-05-09,129,2002
2002-05-10,1.3,3.96,2.985,2.87875,2.66,2002-05-10,130,2002
2002-05-11,1.03,3.98,3.06,2.88958333333333,2.95,2002-05-11,131,2002
2002-05-12,0.91,4.14,3.18,2.92375,3.23,2002-05-12,132,2002
2002-05-13,0.73,4.24,3.43,2.97458333333333,3.51,2002-05-13,133,2002
2002-05-14,0.62,4.35,3.305,2.94958333333333,3.73,2002-05-14,134,2002
2002-05-15,0.52,4.4,3.33,2.90666666666667,3.88,2002-05-15,135,2002
2003-04-15,1.86,4.72,3.225,3.22458333333333,2.86,2003-04-15,105,2003
2003-04-16,1.47,4.71,3.27,3.19958333333333,3.24,2003-04-16,106,2003
2003-04-17,1,4.75,3.32,3.18125,3.75,2003-04-17,107,2003
2003-04-18,0.59,4.68,3.355,3.07583333333333,4.09,2003-04-18,108,2003
2003-04-19,0.47,4.6,3.405,3.07791666666667,4.13,2003-04-19,109,2003
2003-04-20,0.54,4.7,3.53,3.1225,4.16,2003-04-20,110,2003
2003-04-21,0.7,4.63,3.6,3.09958333333333,3.93,2003-04-21,111,2003
2003-04-22,0.9,4.59,3.54,3.05041666666667,3.69,2003-04-22,112,2003
2003-04-23,1.25,4.69,3.535,3.14583333333333,3.44,2003-04-23,113,2003
2003-04-24,1.57,4.73,3.285,3.16625,3.16,2003-04-24,114,2003
2003-04-25,1.79,4.6,3.125,3.15125,2.81,2003-04-25,115,2003
2003-04-26,1.96,4.57,3.1,3.1625,2.61,2003-04-26,116,2003
2003-04-27,2.17,4.45,3.135,3.16416666666667,2.28,2003-04-27,117,2003
2003-04-28,2.02,4.36,3.215,3.15916666666667,2.34,2003-04-28,118,2003
2003-04-29,1.76,4.35,3.32,3.18791666666667,2.59,2003-04-29,119,2003
2003-04-30,1.44,4.19,3.255,3.12541666666667,2.75,2003-04-30,120,2003
2003-05-01,1.28,4.29,3.42,3.13708333333333,3.01,2003-05-01,121,2003
2003-05-02,1.19,4.43,3.505,3.19208333333333,3.24,2003-05-02,122,2003
2003-05-03,1.13,4.54,3.48,3.22083333333333,3.41,2003-05-03,123,2003
2003-05-04,1.02,4.45,3.585,3.17666666666667,3.43,2003-05-04,124,2003
2003-05-05,0.94,4.39,3.51,3.03791666666667,3.45,2003-05-05,125,2003
2003-05-06,1,4.45,3.53,3.0325,3.45,2003-05-06,126,2003
2003-05-07,1.17,4.46,3.525,3.07625,3.29,2003-05-07,127,2003
2003-05-08,1.29,4.4,3.45,3.03208333333333,3.11,2003-05-08,128,2003
2003-05-09,1.4,4.44,3.205,2.97291666666667,3.04,2003-05-09,129,2003
2003-05-10,1.54,4.38,3,2.95625,2.84,2003-05-10,130,2003
2003-05-11,1.76,4.42,2.94,2.99666666666667,2.66,2003-05-11,131,2003
2003-05-12,1.97,4.44,2.91,3.01083333333333,2.47,2003-05-12,132,2003
2003-05-13,1.59,4.45,3.03,3.03958333333333,2.86,2003-05-13,133,2003
2003-05-14,1.16,4.61,3.23,3.12916666666667,3.45,2003-05-14,134,2003
2003-05-15,0.62,4.62,3.305,3.09708333333333,4,2003-05-15,135,2003
2004-04-15,1.66,4.67,3.26,3.18833333333333,3.01,2004-04-15,106,2004
2004-04-16,1.87,4.59,3.12,3.16125,2.72,2004-04-16,107,2004
2004-04-17,1.92,4.5,3.15,3.13625,2.58,2004-04-17,108,2004
2004-04-18,1.58,4.41,3.155,3.14166666666667,2.83,2004-04-18,109,2004
2004-04-19,1.46,4.44,3.375,3.25791666666667,2.98,2004-04-19,110,2004
2004-04-20,1.24,4.53,3.435,3.27291666666667,3.29,2004-04-20,111,2004
2004-04-21,1.09,4.47,3.44,3.19041666666667,3.38,2004-04-21,112,2004
2004-04-22,0.86,4.41,3.405,3.03041666666667,3.55,2004-04-22,113,2004
2004-04-23,0.96,4.32,3.46,3.03708333333333,3.36,2004-04-23,114,2004
2004-04-24,0.87,4.24,3.425,2.90083333333333,3.37,2004-04-24,115,2004
2004-04-25,1,4.21,3.335,2.86208333333333,3.21,2004-04-25,116,2004
2004-04-26,1.22,4.16,3.255,2.87375,2.94,2004-04-26,117,2004
2004-04-27,1.58,4.25,3.275,2.99958333333333,2.67,2004-04-27,118,2004
2004-04-28,1.48,4.14,2.96,2.84,2.66,2004-04-28,119,2004
2004-04-29,1.65,4.2,2.905,2.9125,2.55,2004-04-29,120,2004
2004-04-30,1.79,4.24,2.87,2.95625,2.45,2004-04-30,121,2004
2004-05-01,2,4.25,2.97,3.00125,2.25,2004-05-01,122,2004
2004-05-02,1.65,4.29,3,2.98666666666667,2.64,2004-05-02,123,2004
2004-05-03,1.21,4.4,3.11,3.04,3.19,2004-05-03,124,2004
2004-05-04,0.87,4.56,3.36,3.15083333333333,3.69,2004-05-04,125,2004
2004-05-05,0.49,4.63,3.53,3.14041666666667,4.14,2004-05-05,126,2004
2004-05-06,0.28,4.68,3.5,3.09458333333333,4.4,2004-05-06,127,2004
2004-05-07,0.19,4.75,3.575,3.08625,4.56,2004-05-07,128,2004
2004-05-08,0.29,4.77,3.64,3.06708333333333,4.48,2004-05-08,129,2004
2004-05-09,0.49,4.79,3.63,3.02708333333333,4.3,2004-05-09,130,2004
2004-05-10,0.9,4.68,3.525,3.06541666666667,3.78,2004-05-10,131,2004
2004-05-11,1.24,4.76,3.24,3.03416666666667,3.52,2004-05-11,132,2004
2004-05-12,1.58,4.64,3.015,3.03208333333333,3.06,2004-05-12,133,2004
2004-05-13,1.99,4.58,2.915,3.06958333333333,2.59,2004-05-13,134,2004
2004-05-14,1.98,4.5,3.045,3.0675,2.52,2004-05-14,135,2004
2004-05-15,1.69,4.42,3.135,3.11833333333333,2.73,2004-05-15,136,2004
2005-04-15,1.46,4.33,3.52,3.11083333333333,2.87,2005-04-15,105,2005
2005-04-16,1.64,4.47,3.555,3.23583333333333,2.83,2005-04-16,106,2005
2005-04-17,1.78,4.49,3.23,3.14458333333333,2.71,2005-04-17,107,2005
2005-04-18,1.76,4.39,2.97,3.01083333333333,2.63,2005-04-18,108,2005
2005-04-19,1.85,4.24,2.87,2.96958333333333,2.39,2005-04-19,109,2005
2005-04-20,1.97,4.21,3.065,3.01916666666667,2.24,2005-04-20,110,2005
2005-04-21,2.01,4.19,2.99,2.97875,2.18,2005-04-21,111,2005
2005-04-22,1.7,4.17,3.06,3.01458333333333,2.47,2005-04-22,112,2005
2005-04-23,1.43,4.3,3.255,3.145,2.87,2005-04-23,113,2005
2005-04-24,1.11,4.35,3.405,3.13583333333333,3.24,2005-04-24,114,2005
2005-04-25,0.78,4.48,3.47,3.12125,3.7,2005-04-25,115,2005
2005-04-26,0.63,4.61,3.46,3.12583333333333,3.98,2005-04-26,116,2005
2005-04-27,0.61,4.68,3.615,3.16041666666667,4.07,2005-04-27,117,2005
2005-04-28,0.59,4.68,3.715,3.12625,4.09,2005-04-28,118,2005
2005-04-29,0.69,4.63,3.695,3.05875,3.94,2005-04-29,119,2005
2005-04-30,0.91,4.56,3.57,3.0525,3.65,2005-04-30,120,2005
2005-05-01,1.17,4.66,3.36,3.05208333333333,3.49,2005-05-01,121,2005
2005-05-02,1.47,4.69,3.165,3.07916666666667,3.22,2005-05-02,122,2005
2005-05-03,1.8,4.66,3.09,3.11208333333333,2.86,2005-05-03,123,2005
2005-05-04,2.11,4.64,3.04,3.15833333333333,2.53,2005-05-04,124,2005
2005-05-05,1.72,4.61,3.28,3.19416666666667,2.89,2005-05-05,125,2005
2005-05-06,1.39,4.56,3.35,3.2325,3.17,2005-05-06,126,2005
2005-05-07,1,4.5,3.42,3.19708333333333,3.5,2005-05-07,127,2005
2005-05-08,0.91,4.61,3.51,3.22666666666667,3.7,2005-05-08,128,2005
2005-05-09,0.83,4.7,3.725,3.25583333333333,3.87,2005-05-09,129,2005
2005-05-10,0.73,4.63,3.655,3.16083333333333,3.9,2005-05-10,130,2005
2005-05-11,0.74,4.63,3.555,3.08708333333333,3.89,2005-05-11,131,2005
2005-05-12,3.61,4.06,3.8,3.7875,0.45,2005-05-12,132,2005
2005-05-13,1.15,4.55,2.24,2.66,3.4,2005-05-13,133,2005
2005-05-14,1.38,4.49,3.47,3.11458333333333,3.11,2005-05-14,134,2005
2005-05-15,1.72,4.49,3.435,3.19666666666667,2.77,2005-05-15,135,2005
2006-04-15,1.34,4.75,3.7,3.40916666666667,3.41,2006-04-15,105,2006
2006-04-16,1.19,4.66,3.72,3.36625,3.47,2006-04-16,106,2006
2006-04-17,0.94,4.48,3.645,3.17958333333333,3.54,2006-04-17,107,2006
2006-04-18,0.85,4.48,3.58,3.0575,3.63,2006-04-18,108,2006
2006-04-19,0.97,4.58,3.755,3.12916666666667,3.61,2006-04-19,109,2006
2006-04-20,1.11,4.57,3.635,3.125,3.46,2006-04-20,110,2006
2006-04-21,1.12,4.65,3.47,3.05,3.53,2006-04-21,111,2006
2006-04-22,1.21,4.48,3.08,2.92833333333333,3.27,2006-04-22,112,2006
2006-04-23,1.39,4.46,2.94,2.95333333333333,3.07,2006-04-23,113,2006
2006-04-24,1.77,4.46,2.97,3.02041666666667,2.69,2006-04-24,114,2006
2006-04-25,1.71,4.61,3.06,3.1125,2.9,2006-04-25,115,2006
2006-04-26,1.29,4.66,3.19,3.12583333333333,3.37,2006-04-26,116,2006
2006-04-27,0.71,4.54,3.295,3.03916666666667,3.83,2006-04-27,117,2006
2006-04-28,0.47,4.53,3.455,3.05916666666667,4.06,2006-04-28,118,2006
2006-04-29,0.4,4.6,3.48,3.06333333333333,4.2,2006-04-29,119,2006
2006-04-30,0.23,4.56,3.39,2.925,4.33,2006-04-30,120,2006
2006-05-01,0.45,4.43,3.52,2.93041666666667,3.98,2006-05-01,121,2006
2006-05-02,0.61,4.37,3.31,2.79625,3.76,2006-05-02,122,2006
2006-05-03,0.92,4.33,3.315,2.85458333333333,3.41,2006-05-03,123,2006
2006-05-04,1.29,4.32,3.195,2.91125,3.03,2006-05-04,124,2006
2006-05-05,1.71,4.36,3.1,3.03041666666667,2.65,2006-05-05,125,2006
2006-05-06,1.97,4.37,2.975,3.05166666666667,2.4,2006-05-06,126,2006
2006-05-07,2.36,4.32,3.065,3.15625,1.96,2006-05-07,127,2006
2006-05-08,2.18,4.23,3.02,3.04333333333333,2.05,2006-05-08,128,2006
2006-05-09,1.75,4.08,2.97,2.96,2.33,2006-05-09,129,2006
2006-05-10,1.42,4.09,3.095,2.98583333333333,2.67,2006-05-10,130,2006
2006-05-11,1.28,4.1,3.29,3.06208333333333,2.82,2006-05-11,131,2006
2006-05-12,0.9,4.17,3.4,3.02375,3.27,2006-05-12,132,2006
2006-05-13,0.7,4.31,3.405,2.985,3.61,2006-05-13,133,2006
2006-05-14,0.42,4.4,3.42,2.94541666666667,3.98,2006-05-14,134,2006
2006-05-15,0.49,4.6,3.565,3.02833333333333,4.11,2006-05-15,135,2006
2007-04-15,1.75,4.49,2.965,3.00333333333333,2.74,2007-04-15,105,2007
2007-04-16,1.34,4.52,3.205,3.10666666666667,3.18,2007-04-16,106,2007
2007-04-17,0.86,4.64,3.255,3.09833333333333,3.78,2007-04-17,107,2007
2007-04-18,0.4,4.66,3.38,3.06333333333333,4.26,2007-04-18,108,2007
2007-04-19,0.27,4.63,3.485,3.06125,4.36,2007-04-19,109,2007
2007-04-20,0.34,4.65,3.475,3.06166666666667,4.31,2007-04-20,110,2007
2007-04-21,0.54,4.78,3.59,3.11291666666667,4.24,2007-04-21,111,2007
2007-04-22,0.73,4.6,3.72,3.08833333333333,3.87,2007-04-22,112,2007
2007-04-23,1.04,4.52,3.445,3.01208333333333,3.48,2007-04-23,113,2007
2007-04-24,1.37,4.55,3.3,3.03541666666667,3.18,2007-04-24,114,2007
2007-04-25,1.64,4.47,3.025,3.02583333333333,2.83,2007-04-25,115,2007
2007-04-26,1.97,4.39,2.98,3.05291666666667,2.42,2007-04-26,116,2007
2007-04-27,2.23,4.27,2.98,3.08291666666667,2.04,2007-04-27,117,2007
2007-04-28,1.93,4.24,2.97,3.01833333333333,2.31,2007-04-28,118,2007
2007-04-29,1.63,4.13,3.05,3.01958333333333,2.5,2007-04-29,119,2007
2007-04-30,1.36,4.05,3.175,3.00208333333333,2.69,2007-04-30,120,2007
2007-05-01,1.16,4.24,3.29,3.07625,3.08,2007-05-01,121,2007
2007-05-02,1.18,4.43,3.435,3.20125,3.25,2007-05-02,122,2007
2007-05-03,0.91,4.44,3.53,3.11958333333333,3.53,2007-05-03,123,2007
2007-05-04,0.91,4.51,3.515,3.10916666666667,3.6,2007-05-04,124,2007
2007-05-05,0.7,4.38,3.525,2.99833333333333,3.68,2007-05-05,125,2007
2007-05-06,0.8,4.33,3.485,2.94791666666667,3.53,2007-05-06,126,2007
2007-05-07,0.86,4.38,3.495,2.93416666666667,3.52,2007-05-07,127,2007
2007-05-08,1.18,4.38,3.5,3.03083333333333,3.2,2007-05-08,128,2007
2007-05-09,1.15,4.33,3.275,2.89458333333333,3.18,2007-05-09,129,2007
2007-05-10,1.39,4.34,2.995,2.89208333333333,2.95,2007-05-10,130,2007
2007-05-11,1.73,4.36,2.825,2.92708333333333,2.63,2007-05-11,131,2007
2007-05-12,2.06,4.38,2.85,2.95833333333333,2.32,2007-05-12,132,2007
2007-05-13,1.55,4.4,2.92,2.93166666666667,2.85,2007-05-13,133,2007
2007-05-14,1.04,4.34,3.175,2.96041666666667,3.3,2007-05-14,134,2007
2007-05-15,0.56,4.55,3.4,3.0475,3.99,2007-05-15,135,2007
2008-04-15,1.6,4.45,2.935,3.01125,2.85,2008-04-15,106,2008
2008-04-16,1.77,4.29,2.93,2.9225,2.52,2008-04-16,107,2008
2008-04-17,1.76,4.16,2.94,2.95458333333333,2.4,2008-04-17,108,2008
2008-04-18,1.55,4.21,3.12,3.02083333333333,2.66,2008-04-18,109,2008
2008-04-19,1.27,4.09,3.12,2.98875,2.82,2008-04-19,110,2008
2008-04-20,1.04,4.13,3.25,2.95666666666667,3.09,2008-04-20,111,2008
2008-04-21,0.89,4.26,3.27,2.96,3.37,2008-04-21,112,2008
2008-04-22,0.82,4.4,3.23,2.97791666666667,3.58,2008-04-22,113,2008
2008-04-23,0.94,4.42,3.45,3.08916666666667,3.48,2008-04-23,114,2008
2008-04-24,0.96,4.31,3.54,3.03833333333333,3.35,2008-04-24,115,2008
2008-04-25,0.91,4.18,3.445,2.89458333333333,3.27,2008-04-25,116,2008
2008-04-26,1.03,4.19,3.29,2.84875,3.16,2008-04-26,117,2008
2008-04-27,1.25,4.15,3.35,2.91458333333333,2.9,2008-04-27,118,2008
2008-04-28,1.57,4.24,3.245,3.00375,2.67,2008-04-28,119,2008
2008-04-29,1.77,4.37,3.11,3.05666666666667,2.6,2008-04-29,120,2008
2008-04-30,1.84,4.3,2.845,2.9675,2.46,2008-04-30,121,2008
2008-05-01,1.99,4.25,2.87,2.91958333333333,2.26,2008-05-01,122,2008
2008-05-02,1.68,4.26,2.955,2.95916666666667,2.58,2008-05-02,123,2008
2008-05-03,1.13,4.34,3.095,2.94708333333333,3.21,2008-05-03,124,2008
2008-05-04,0.62,4.32,3.2,2.92,3.7,2008-05-04,125,2008
2008-05-05,0.2,4.41,3.45,2.95333333333333,4.21,2008-05-05,126,2008
2008-05-06,-0.01,4.57,3.5,2.95458333333333,4.58,2008-05-06,127,2008
2008-05-07,-0.04,4.6,3.505,2.92666666666667,4.64,2008-05-07,128,2008
2008-05-08,0.02,4.63,3.475,2.89291666666667,4.61,2008-05-08,129,2008
2008-05-09,0.26,4.66,3.445,2.91458333333333,4.4,2008-05-09,130,2008
2008-05-10,0.63,4.72,3.435,2.96708333333333,4.09,2008-05-10,131,2008
2008-05-11,1,4.61,3.28,2.96166666666667,3.61,2008-05-11,132,2008
2008-05-12,1.44,4.52,2.93,2.89083333333333,3.08,2008-05-12,133,2008
2008-05-13,1.94,4.44,2.86,2.96666666666667,2.5,2008-05-13,134,2008
2008-05-14,1.95,4.31,2.825,2.90416666666667,2.36,2008-05-14,135,2008
2008-05-15,1.49,4.11,2.94,2.87666666666667,2.62,2008-05-15,136,2008
2009-04-15,1.06,4.16,3.335,2.89,3.1,2009-04-15,105,2009
2009-04-16,1.27,4.1,3.27,2.8675,2.83,2009-04-16,106,2009
2009-04-17,1.47,4.19,3.135,2.88,2.72,2009-04-17,107,2009
2009-04-18,1.58,4.02,2.87,2.81083333333333,2.44,2009-04-18,108,2009
2009-04-19,1.68,4.05,2.805,2.82583333333333,2.37,2009-04-19,109,2009
2009-04-20,1.88,4.04,2.775,2.85666666666667,2.16,2009-04-20,110,2009
2009-04-21,2.04,4.08,2.875,2.9225,2.04,2009-04-21,111,2009
2009-04-22,1.67,4.16,3.065,2.97958333333333,2.49,2009-04-22,112,2009
2009-04-23,1.24,4.09,3.015,2.92125,2.85,2009-04-23,113,2009
2009-04-24,0.82,4.19,3.11,2.94166666666667,3.37,2009-04-24,114,2009
2009-04-25,0.56,4.28,3.27,2.94916666666667,3.72,2009-04-25,115,2009
2009-04-26,0.21,4.39,3.41,2.86458333333333,4.18,2009-04-26,116,2009
2009-04-27,0.24,4.56,3.365,2.95666666666667,4.32,2009-04-27,117,2009
2009-04-28,0.3,4.51,3.52,2.945,4.21,2009-04-28,118,2009
2009-04-29,0.35,4.49,3.425,2.86791666666667,4.14,2009-04-29,119,2009
2009-04-30,0.61,4.51,3.325,2.85833333333333,3.9,2009-04-30,120,2009
2009-05-01,1.05,4.47,3.235,2.945,3.42,2009-05-01,121,2009
2009-05-02,1.52,4.66,3.14,3.08125,3.14,2009-05-02,122,2009
2009-05-03,1.84,4.68,2.96,3.07166666666667,2.84,2009-05-03,123,2009
2009-05-04,2.16,4.5,3.135,3.1875,2.34,2009-05-04,124,2009
2009-05-05,1.96,4.76,3.25,3.28958333333333,2.8,2009-05-05,125,2009
2009-05-06,1.41,4.47,3.3,3.20125,3.06,2009-05-06,126,2009
2009-05-07,1.05,4.38,3.4,3.10583333333333,3.33,2009-05-07,127,2009
2009-05-08,0.65,4.34,3.37,2.97208333333333,3.69,2009-05-08,128,2009
2009-05-09,0.57,4.43,3.365,2.945,3.86,2009-05-09,129,2009
2009-05-10,0.54,4.55,3.39,2.97583333333333,4.01,2009-05-10,130,2009
2009-05-11,0.68,4.61,3.515,3.05875,3.93,2009-05-11,131,2009
2009-05-12,0.78,4.48,3.57,3.03208333333333,3.7,2009-05-12,132,2009
2009-05-13,0.9,4.57,3.39,2.98708333333333,3.67,2009-05-13,133,2009
2009-05-14,1.14,4.41,3.56,3.0525,3.27,2009-05-14,134,2009
2009-05-15,1.28,4.37,3.245,2.95291666666667,3.09,2009-05-15,135,2009
2010-04-15,1.04,4.39,3.34,3.11125,3.35,2010-04-15,105,2010
2010-04-16,0.94,4.46,3.38,3.12041666666667,3.52,2010-04-16,106,2010
2010-04-17,0.87,4.5,3.515,3.15291666666667,3.63,2010-04-17,107,2010
2010-04-18,0.89,4.56,3.535,3.16083333333333,3.67,2010-04-18,108,2010
2010-04-19,1.06,4.63,3.695,3.22208333333333,3.57,2010-04-19,109,2010
2010-04-20,1.17,4.58,3.65,3.18,3.41,2010-04-20,110,2010
2010-04-21,1.18,4.55,3.44,3.06375,3.37,2010-04-21,111,2010
2010-04-22,1.43,4.46,3.2,3.02041666666667,3.03,2010-04-22,112,2010
2010-04-23,1.7,4.44,2.955,3.03791666666667,2.74,2010-04-23,113,2010
2010-04-24,1.89,4.53,2.96,3.06333333333333,2.64,2010-04-24,114,2010
2010-04-25,1.61,4.37,3.03,2.99666666666667,2.76,2010-04-25,115,2010
2010-04-26,1.39,4.52,3.33,3.23791666666667,3.13,2010-04-26,116,2010
2010-04-27,1.25,4.85,3.615,3.42208333333333,3.6,2010-04-27,117,2010
2010-04-28,0.85,4.72,3.6,3.30625,3.87,2010-04-28,118,2010
2010-04-29,0.6,4.66,3.595,3.18458333333333,4.06,2010-04-29,119,2010
2010-04-30,0.52,4.6,3.37,3.05208333333333,4.08,2010-04-30,120,2010
2010-05-01,0.63,4.63,3.52,3.08708333333333,4,2010-05-01,121,2010
2010-05-02,0.73,4.58,3.485,3.015,3.85,2010-05-02,122,2010
2010-05-03,1.13,4.4,3.735,3.19208333333333,3.27,2010-05-03,123,2010
2010-05-04,1.22,4.26,3.18,2.89666666666667,3.04,2010-05-04,124,2010
2010-05-05,1.52,4.22,3.025,2.91083333333333,2.7,2010-05-05,125,2010
2010-05-06,1.77,4.23,2.805,2.87375,2.46,2010-05-06,126,2010
2010-05-07,2.12,4.09,2.76,2.89083333333333,1.97,2010-05-07,127,2010
2010-05-08,2.18,4.05,2.91,2.96,1.87,2010-05-08,128,2010
2010-05-09,1.95,4.1,3.055,3.04791666666667,2.15,2010-05-09,129,2010
2010-05-10,1.69,4.2,3.19,3.08666666666667,2.51,2010-05-10,130,2010
2010-05-11,1.19,4.09,3.145,2.96833333333333,2.9,2010-05-11,131,2010
2010-05-12,0.94,4.09,3.29,2.96666666666667,3.15,2010-05-12,132,2010
2010-05-13,0.7,4.3,3.415,3.00041666666667,3.6,2010-05-13,133,2010
2010-05-14,0.56,4.46,3.53,3.02125,3.9,2010-05-14,134,2010
2010-05-15,0.42,4.53,3.455,3.02,4.11,2010-05-15,135,2010
2011-04-15,1.95,4.52,3.245,3.14208333333333,2.57,2011-04-15,105,2011
2011-04-16,1.53,4.61,3.235,3.21125,3.08,2011-04-16,106,2011
2011-04-17,1,4.69,3.36,3.15583333333333,3.69,2011-04-17,107,2011
2011-04-18,0.68,4.65,3.4,3.11958333333333,3.97,2011-04-18,108,2011
2011-04-19,0.39,4.57,3.425,3.05958333333333,4.18,2011-04-19,109,2011
2011-04-20,0.41,4.63,3.48,3.08916666666667,4.22,2011-04-20,110,2011
2011-04-21,0.43,4.5,3.375,2.99916666666667,4.07,2011-04-21,111,2011
2011-04-22,0.64,4.5,3.295,2.93166666666667,3.86,2011-04-22,112,2011
2011-04-23,1.02,4.55,3.365,3.01791666666667,3.53,2011-04-23,113,2011
2011-04-24,1.44,4.49,3.345,3.10541666666667,3.05,2011-04-24,114,2011
2011-04-25,1.81,4.52,3.25,3.15666666666667,2.71,2011-04-25,115,2011
2011-04-26,2.03,4.41,2.99,3.06875,2.38,2011-04-26,116,2011
2011-04-27,2.42,4.3,3.05,3.15416666666667,1.88,2011-04-27,117,2011
2011-04-28,2.22,4.31,3.065,3.14208333333333,2.09,2011-04-28,118,2011
2011-04-29,1.81,4.11,3.035,3.00958333333333,2.3,2011-04-29,119,2011
2011-04-30,1.41,3.97,3.075,2.91791666666667,2.56,2011-04-30,120,2011
2011-05-01,1.17,3.93,3.15,2.92083333333333,2.76,2011-05-01,121,2011
2011-05-02,1.09,4.15,3.235,3.00875,3.06,2011-05-02,122,2011
2011-05-03,0.88,4.18,3.2,2.93416666666667,3.3,2011-05-03,123,2011
2011-05-04,0.68,4.32,3.305,2.92541666666667,3.64,2011-05-04,124,2011
2011-05-05,0.76,4.4,3.36,3.005,3.64,2011-05-05,125,2011
2011-05-06,0.79,4.52,3.445,3.05166666666667,3.73,2011-05-06,126,2011
2011-05-07,0.98,4.54,3.57,3.145,3.56,2011-05-07,127,2011
2011-05-08,1.07,4.48,3.475,3.08041666666667,3.41,2011-05-08,128,2011
2011-05-09,1.18,4.43,3.275,2.98208333333333,3.25,2011-05-09,129,2011
2011-05-10,1.49,4.45,3.145,3.01833333333333,2.96,2011-05-10,130,2011
2011-05-11,1.9,4.56,3.12,3.12125,2.66,2011-05-11,131,2011
2011-05-12,2.11,4.48,2.95,3.03625,2.37,2011-05-12,132,2011
2011-05-13,1.69,4.42,3.035,3.03541666666667,2.73,2011-05-13,133,2011
2011-05-14,1.31,4.56,3.215,3.14,3.25,2011-05-14,134,2011
2011-05-15,1.06,4.6,3.455,3.24166666666667,3.54,2011-05-15,135,2011
2012-04-15,1.88,4.5,3.08,3.10416666666667,2.62,2012-04-15,106,2012
2012-04-16,2.12,4.47,3.18,3.21291666666667,2.35,2012-04-16,107,2012
2012-04-17,2.08,4.33,3.195,3.1425,2.25,2012-04-17,108,2012
2012-04-18,1.9,4.35,3.24,3.205,2.45,2012-04-18,109,2012
2012-04-19,1.59,4.25,3.255,3.18041666666667,2.66,2012-04-19,110,2012
2012-04-20,1.31,4.22,3.3,3.12583333333333,2.91,2012-04-20,111,2012
2012-04-21,1.14,4.29,3.39,3.0825,3.15,2012-04-21,112,2012
2012-04-22,1.07,4.4,3.415,3.11833333333333,3.33,2012-04-22,113,2012
2012-04-23,1.04,4.44,3.325,3.11375,3.4,2012-04-23,114,2012
2012-04-24,1.03,4.44,3.47,3.11083333333333,3.41,2012-04-24,115,2012
2012-04-25,1.28,4.61,3.51,3.24916666666667,3.33,2012-04-25,116,2012
2012-04-26,1.44,4.49,3.62,3.26208333333333,3.05,2012-04-26,117,2012
2012-04-27,1.4,4.35,3.435,3.0925,2.95,2012-04-27,118,2012
2012-04-28,1.55,4.31,3.295,3.065,2.76,2012-04-28,119,2012
2012-04-29,1.75,4.34,3.13,3.07291666666667,2.59,2012-04-29,120,2012
2012-04-30,2.13,4.5,3.24,3.26875,2.37,2012-04-30,121,2012
2012-05-01,2.22,4.53,3.06,3.17583333333333,2.31,2012-05-01,122,2012
2012-05-02,1.99,4.44,3.11,3.12833333333333,2.45,2012-05-02,123,2012
2012-05-03,1.59,4.5,3.145,3.19125,2.91,2012-05-03,124,2012
2012-05-04,1.03,4.56,3.27,3.11958333333333,3.53,2012-05-04,125,2012
2012-05-05,0.55,4.48,3.29,3.01916666666667,3.93,2012-05-05,126,2012
2012-05-06,0.27,4.52,3.405,2.99,4.25,2012-05-06,127,2012
2012-05-07,0.11,4.63,3.57,2.995,4.52,2012-05-07,128,2012
2012-05-08,0.21,4.72,3.475,3.0475,4.51,2012-05-08,129,2012
2012-05-09,0.33,4.61,3.375,2.98166666666667,4.28,2012-05-09,130,2012
2012-05-10,0.56,4.5,3.15,2.85541666666667,3.94,2012-05-10,131,2012
2012-05-11,0.93,4.47,3.06,2.84125,3.54,2012-05-11,132,2012
2012-05-12,1.4,4.36,2.85,2.88333333333333,2.96,2012-05-12,133,2012
2012-05-13,1.9,4.42,2.86,2.94166666666667,2.52,2012-05-13,134,2012
2012-05-14,2.19,4.33,2.93,3.02375,2.14,2012-05-14,135,2012
2012-05-15,1.89,4.29,3.035,3.0625,2.4,2012-05-15,136,2012
2013-04-15,1.19,4.18,3.285,2.98291666666667,2.99,2013-04-15,105,2013
2013-04-16,1.27,4.07,3.19,2.88875,2.8,2013-04-16,106,2013
2013-04-17,1.45,3.97,3.095,2.86583333333333,2.52,2013-04-17,107,2013
2013-04-18,1.63,4.01,3.005,2.87791666666667,2.38,2013-04-18,108,2013
2013-04-19,1.87,4.12,3.01,2.9875,2.25,2013-04-19,109,2013
2013-04-20,1.96,4.12,2.93,2.96916666666667,2.16,2013-04-20,110,2013
2013-04-21,1.98,4.11,2.865,2.95333333333333,2.13,2013-04-21,111,2013
2013-04-22,1.8,4.02,2.86,2.83708333333333,2.22,2013-04-22,112,2013
2013-04-23,1.46,4.08,3.02,2.88791666666667,2.62,2013-04-23,113,2013
2013-04-24,1.1,4.14,3.015,2.91708333333333,3.04,2013-04-24,114,2013
2013-04-25,0.81,4.34,3.19,2.99083333333333,3.53,2013-04-25,115,2013
2013-04-26,0.58,4.41,3.285,2.99541666666667,3.83,2013-04-26,116,2013
2013-04-27,0.52,4.52,3.38,3.04,4,2013-04-27,117,2013
2013-04-28,0.4,4.61,3.355,3.04166666666667,4.21,2013-04-28,118,2013
2013-04-29,0.5,4.58,3.51,3.07416666666667,4.08,2013-04-29,119,2013
2013-04-30,0.54,4.37,3.195,2.85333333333333,3.83,2013-04-30,120,2013
2013-05-01,0.77,4.32,2.945,2.74458333333333,3.55,2013-05-01,121,2013
2013-05-02,1.2,4.27,2.86,2.76416666666667,3.07,2013-05-02,122,2013
2013-05-03,1.62,4.32,2.685,2.80875,2.7,2013-05-03,123,2013
2013-05-04,1.98,4.26,2.775,2.86958333333333,2.28,2013-05-04,124,2013
2013-05-05,1.76,4.32,3.005,3.00708333333333,2.56,2013-05-05,125,2013
2013-05-06,1.55,4.32,3.11,3.09666666666667,2.77,2013-05-06,126,2013
2013-05-07,1.35,4.37,3.27,3.13541666666667,3.02,2013-05-07,127,2013
2013-05-08,1.12,4.26,3.325,3.10041666666667,3.14,2013-05-08,128,2013
2013-05-09,0.91,4.31,3.37,3.05708333333333,3.4,2013-05-09,129,2013
2013-05-10,0.84,4.38,3.34,3.03958333333333,3.54,2013-05-10,130,2013
2013-05-11,0.86,4.44,3.48,3.07291666666667,3.58,2013-05-11,131,2013
2013-05-12,0.93,4.48,3.38,3.0875,3.55,2013-05-12,132,2013
2013-05-13,1.09,4.51,3.475,3.12541666666667,3.42,2013-05-13,133,2013
2013-05-14,1.13,4.35,3.275,3.01291666666667,3.22,2013-05-14,134,2013
2013-05-15,1.36,4.38,3.31,3.03916666666667,3.02,2013-05-15,135,2013
2014-04-15,1.2,4.24,3.165,3.04083333333333,3.04,2014-04-15,105,2014
2014-04-16,1.05,4.39,3.24,3.08833333333333,3.34,2014-04-16,106,2014
2014-04-17,1.02,4.64,3.46,3.20416666666667,3.62,2014-04-17,107,2014
2014-04-18,0.84,4.43,3.355,3.08208333333333,3.59,2014-04-18,108,2014
2014-04-19,0.97,4.5,3.375,3.12708333333333,3.53,2014-04-19,109,2014
2014-04-20,0.94,4.48,3.325,3.0175,3.54,2014-04-20,110,2014
2014-04-21,1.19,4.52,3.32,3.06333333333333,3.33,2014-04-21,111,2014
2014-04-22,1.42,4.55,3.27,3.11041666666667,3.13,2014-04-22,112,2014
2014-04-23,1.7,4.6,3.17,3.14708333333333,2.9,2014-04-23,113,2014
2014-04-24,1.98,4.68,3.25,3.2825,2.7,2014-04-24,114,2014
2014-04-25,2.13,4.69,3.125,3.24,2.56,2014-04-25,115,2014
2014-04-26,1.8,4.67,3.335,3.29,2.87,2014-04-26,116,2014
2014-04-27,1.52,4.77,3.385,3.33541666666667,3.25,2014-04-27,117,2014
2014-04-28,1,4.49,3.255,3.11416666666667,3.49,2014-04-28,118,2014
2014-04-29,0.79,4.34,3.33,3.02958333333333,3.55,2014-04-29,119,2014
2014-04-30,0.66,4.49,3.38,3.03833333333333,3.83,2014-04-30,120,2014
2014-05-01,0.83,4.65,3.365,3.13583333333333,3.82,2014-05-01,121,2014
2014-05-02,0.97,4.67,3.475,3.15791666666667,3.7,2014-05-02,122,2014
2014-05-03,1.17,4.69,3.51,3.22125,3.52,2014-05-03,123,2014
2014-05-04,1.51,4.66,3.56,3.29583333333333,3.15,2014-05-04,124,2014
2014-05-05,1.67,4.52,3.405,3.21375,2.85,2014-05-05,125,2014
2014-05-06,1.89,4.44,3.14,3.13833333333333,2.55,2014-05-06,126,2014
2014-05-07,2.17,4.4,3.015,3.12958333333333,2.23,2014-05-07,127,2014
2014-05-08,2.55,4.36,3.15,3.23833333333333,1.81,2014-05-08,128,2014
2014-05-09,2.42,4.47,3.165,3.23125,2.05,2014-05-09,129,2014
2014-05-10,1.99,4.31,3.115,3.11625,2.32,2014-05-10,130,2014
2014-05-11,1.61,4.17,3.095,3.05125,2.56,2014-05-11,131,2014
2014-05-12,1.28,4.2,3.145,3.03166666666667,2.92,2014-05-12,132,2014
2014-05-13,0.98,4.16,3.245,2.98458333333333,3.18,2014-05-13,133,2014
2014-05-14,0.68,4.39,3.35,3.01083333333333,3.71,2014-05-14,134,2014
2014-05-15,0.64,4.64,3.475,3.12875,4,2014-05-15,135,2014
2015-04-15,1.62,4.34,3,2.9675,2.72,2015-04-15,105,2015
2015-04-16,1.76,4.37,2.97,3.00708333333333,2.61,2015-04-16,106,2015
2015-04-17,1.4,4.52,3.085,3.02958333333333,3.12,2015-04-17,107,2015
2015-04-18,0.92,4.39,3.005,2.94916666666667,3.47,2015-04-18,108,2015
2015-04-19,0.73,4.51,3.19,3.00458333333333,3.78,2015-04-19,109,2015
2015-04-20,0.75,4.49,3.405,3.07083333333333,3.74,2015-04-20,110,2015
2015-04-21,0.81,4.47,3.37,3.10708333333333,3.66,2015-04-21,111,2015
2015-04-22,0.79,4.42,3.175,2.99541666666667,3.63,2015-04-22,112,2015
2015-04-23,1.21,4.53,3.34,3.12083333333333,3.32,2015-04-23,113,2015
2015-04-24,1.44,4.4,3.3,3.13541666666667,2.96,2015-04-24,114,2015
2015-04-25,1.63,4.34,3.22,3.0625,2.71,2015-04-25,115,2015
2015-04-26,1.86,4.3,3.03,3.01958333333333,2.44,2015-04-26,116,2015
2015-04-27,2.12,4.2,2.985,3.04625,2.08,2015-04-27,117,2015
2015-04-28,2.21,4.29,3.035,3.09458333333333,2.08,2015-04-28,118,2015
2015-04-29,2.16,4.19,3.005,3.06,2.03,2015-04-29,119,2015
2015-04-30,1.92,4.14,3.125,3.0575,2.22,2015-04-30,120,2015
2015-05-01,1.74,4.12,3.12,3.09791666666667,2.38,2015-05-01,121,2015
2015-05-02,1.4,4.11,3.125,3.02416666666667,2.71,2015-05-02,122,2015
2015-05-03,1.22,4.15,3.165,3.03333333333333,2.93,2015-05-03,123,2015
2015-05-04,1.18,4.32,3.42,3.12875,3.14,2015-05-04,124,2015
2015-05-05,1.07,4.36,3.39,3.12791666666667,3.29,2015-05-05,125,2015
2015-05-06,0.87,4.43,3.36,3.07583333333333,3.56,2015-05-06,126,2015
2015-05-07,0.87,4.44,3.34,3.02375,3.57,2015-05-07,127,2015
2015-05-08,0.93,4.4,3.33,3.00333333333333,3.47,2015-05-08,128,2015
2015-05-09,1.02,4.4,3.235,2.97,3.38,2015-05-09,129,2015
2015-05-10,1.29,4.49,3.18,3.0075,3.2,2015-05-10,130,2015
2015-05-11,1.6,4.44,3.105,3.04208333333333,2.84,2015-05-11,131,2015
2015-05-12,1.95,4.56,3.035,3.12333333333333,2.61,2015-05-12,132,2015
2015-05-13,2.2,4.58,3.095,3.16458333333333,2.38,2015-05-13,133,2015
2015-05-14,1.86,4.6,3.15,3.17958333333333,2.74,2015-05-14,134,2015
2015-05-15,1.45,4.58,3.13,3.17375,3.13,2015-05-15,135,2015
2016-04-15,1.71,4.49,3.06,3.0675,2.78,2016-04-15,106,2016
2016-04-16,1.84,4.3,2.965,3.02958333333333,2.46,2016-04-16,107,2016
2016-04-17,1.98,4.25,2.97,3.02791666666667,2.27,2016-04-17,108,2016
2016-04-18,2.12,4.26,3.055,3.0675,2.14,2016-04-18,109,2016
2016-04-19,1.95,4.24,3.165,3.09958333333333,2.29,2016-04-19,110,2016
2016-04-20,1.8,4.22,3.255,3.17208333333333,2.42,2016-04-20,111,2016
2016-04-21,1.67,4.3,3.31,3.23125,2.63,2016-04-21,112,2016
2016-04-22,1.61,4.36,3.34,3.26416666666667,2.75,2016-04-22,113,2016
2016-04-23,1.41,4.37,3.365,3.19333333333333,2.96,2016-04-23,114,2016
2016-04-24,1.34,4.35,3.43,3.19958333333333,3.01,2016-04-24,115,2016
2016-04-25,1.2,4.26,3.25,3.06625,3.06,2016-04-25,116,2016
2016-04-26,1.22,4.33,3.29,3.0625,3.11,2016-04-26,117,2016
2016-04-27,1.32,4.27,3.305,3.06125,2.95,2016-04-27,118,2016
2016-04-28,1.4,4.29,3.295,3.02333333333333,2.89,2016-04-28,119,2016
2016-04-29,1.52,4.21,3.215,3.00625,2.69,2016-04-29,120,2016
2016-04-30,1.51,4.21,2.905,2.84541666666667,2.7,2016-04-30,121,2016
2016-05-01,1.8,4.14,2.945,2.91083333333333,2.34,2016-05-01,122,2016
2016-05-02,1.98,4.28,2.94,3.00916666666667,2.3,2016-05-02,123,2016
2016-05-03,1.94,4.4,2.925,3.05875,2.46,2016-05-03,124,2016
2016-05-04,1.51,4.44,3.095,3.03333333333333,2.93,2016-05-04,125,2016
2016-05-05,1.07,4.45,3.08,3.01375,3.38,2016-05-05,126,2016
2016-05-06,0.67,4.52,3.235,3,3.85,2016-05-06,127,2016
2016-05-07,0.54,4.59,3.425,3.10833333333333,4.05,2016-05-07,128,2016
2016-05-08,0.43,4.65,3.425,3.08916666666667,4.22,2016-05-08,129,2016
2016-05-09,0.44,4.56,3.325,3.0075,4.12,2016-05-09,130,2016
2016-05-10,0.55,4.56,3.31,2.97041666666667,4.01,2016-05-10,131,2016
2016-05-11,0.92,4.59,3.32,3.04166666666667,3.67,2016-05-11,132,2016
2016-05-12,1.29,4.56,3.265,3.07458333333333,3.27,2016-05-12,133,2016
2016-05-13,1.71,4.49,3.155,3.09958333333333,2.78,2016-05-13,134,2016
2016-05-14,2.09,4.54,3.06,3.16875,2.45,2016-05-14,135,2016
2016-05-15,2.36,4.46,3.125,3.17583333333333,2.1,2016-05-15,136,2016
2017-04-15,1.37,4.35,3.305,3.14458333333333,2.98,2017-04-15,105,2017
2017-04-16,1.52,4.42,3.395,3.16333333333333,2.9,2017-04-16,106,2017
2017-04-17,1.67,4.39,3.475,3.21916666666667,2.72,2017-04-17,107,2017
2017-04-18,1.76,4.31,3.46,3.185,2.55,2017-04-18,108,2017
2017-04-19,1.92,4.33,3.345,3.19208333333333,2.41,2017-04-19,109,2017
2017-04-20,1.9,4.42,3.19,3.15083333333333,2.52,2017-04-20,110,2017
2017-04-21,1.93,4.3,3.055,3.07916666666667,2.37,2017-04-21,111,2017
2017-04-22,2.1,4.44,3.2,3.24916666666667,2.34,2017-04-22,112,2017
2017-04-23,2.21,4.51,3.305,3.26458333333333,2.3,2017-04-23,113,2017
2017-04-24,1.99,4.61,3.27,3.29833333333333,2.62,2017-04-24,114,2017
2017-04-25,1.56,4.64,3.415,3.28833333333333,3.08,2017-04-25,115,2017
2017-04-26,1.24,4.79,3.405,3.3275,3.55,2017-04-26,116,2017
2017-04-27,0.82,4.69,3.415,3.20291666666667,3.87,2017-04-27,117,2017
2017-04-28,0.5,4.53,3.365,3.04,4.03,2017-04-28,118,2017
2017-04-29,0.56,4.68,3.325,3.06,4.12,2017-04-29,119,2017
2017-04-30,0.6,4.54,3.395,3.03166666666667,3.94,2017-04-30,120,2017
2017-05-01,0.81,4.59,3.31,2.9775,3.78,2017-05-01,121,2017
2017-05-02,1.15,4.54,3.235,3.01541666666667,3.39,2017-05-02,122,2017
2017-05-03,1.48,4.62,3.065,3.02166666666667,3.14,2017-05-03,123,2017
2017-05-04,1.91,4.57,3.095,3.1075,2.66,2017-05-04,124,2017
2017-05-05,2.15,4.62,3.115,3.21416666666667,2.47,2017-05-05,125,2017
2017-05-06,2.1,4.46,3.02,3.125,2.36,2017-05-06,126,2017
2017-05-07,1.72,4.31,3.1,3.04375,2.59,2017-05-07,127,2017
2017-05-08,1.5,4.2,3.095,3.0575,2.7,2017-05-08,128,2017
2017-05-09,1.33,4.16,3.24,3.075,2.83,2017-05-09,129,2017
2017-05-10,1.27,4.33,3.29,3.14333333333333,3.06,2017-05-10,130,2017
2017-05-11,1.25,4.41,3.45,3.21041666666667,3.16,2017-05-11,131,2017
2017-05-12,1.19,4.44,3.51,3.20541666666667,3.25,2017-05-12,132,2017
2017-05-13,1.17,4.51,3.38,3.17791666666667,3.34,2017-05-13,133,2017
2017-05-14,1.25,4.44,3.485,3.1625,3.19,2017-05-14,134,2017
2017-05-15,1.28,4.54,3.46,3.17416666666667,3.26,2017-05-15,135,2017
2018-04-15,1.73,4.46,3.27,3.22166666666667,2.73,2018-04-15,105,2018
2018-04-16,1.46,4.57,3.415,3.24833333333333,3.11,2018-04-16,106,2018
2018-04-17,1.07,4.46,3.255,3.07166666666667,3.39,2018-04-17,107,2018
2018-04-18,0.74,4.35,3.17,2.97541666666667,3.61,2018-04-18,108,2018
2018-04-19,0.64,4.33,3.09,2.925,3.69,2018-04-19,109,2018
2018-04-20,0.73,4.45,3.215,2.94833333333333,3.72,2018-04-20,110,2018
2018-04-21,0.75,4.41,3.43,2.95708333333333,3.66,2018-04-21,111,2018
2018-04-22,0.93,4.34,3.21,2.8625,3.41,2018-04-22,112,2018
2018-04-23,1.12,4.4,3.075,2.84958333333333,3.28,2018-04-23,113,2018
2018-04-24,1.39,4.4,2.97,2.92041666666667,3.01,2018-04-24,114,2018
2018-04-25,1.64,4.44,2.92,2.99958333333333,2.8,2018-04-25,115,2018
2018-04-26,1.97,4.48,3.12,3.10708333333333,2.51,2018-04-26,116,2018
2018-04-27,1.9,4.52,3.155,3.19458333333333,2.62,2018-04-27,117,2018
2018-04-28,1.64,4.48,3.29,3.19375,2.84,2018-04-28,118,2018
2018-04-29,1.35,4.5,3.24,3.18875,3.15,2018-04-29,119,2018
2018-04-30,1.06,4.37,3.315,3.11083333333333,3.31,2018-04-30,120,2018
2018-05-01,0.99,4.42,3.385,3.09083333333333,3.43,2018-05-01,121,2018
2018-05-02,0.9,4.49,3.23,3.05791666666667,3.59,2018-05-02,122,2018
2018-05-03,1.03,4.5,3.325,3.05916666666667,3.47,2018-05-03,123,2018
2018-05-04,1.07,4.37,3.325,3.015,3.3,2018-05-04,124,2018
2018-05-05,1.28,4.41,3.3,3.0225,3.13,2018-05-05,125,2018
2018-05-06,1.54,4.38,3.325,3.07666666666667,2.84,2018-05-06,126,2018
2018-05-07,1.73,4.35,3.21,3.07125,2.62,2018-05-07,127,2018
2018-05-08,2.06,4.39,3.09,3.14083333333333,2.33,2018-05-08,128,2018
2018-05-09,2.17,4.47,3.11,3.17666666666667,2.3,2018-05-09,129,2018
2018-05-10,2.29,4.39,3.055,3.13708333333333,2.1,2018-05-10,130,2018
2018-05-11,2.08,4.28,2.975,3.03,2.2,2018-05-11,131,2018
2018-05-12,1.78,4.24,3.085,3.05166666666667,2.46,2018-05-12,132,2018
2018-05-13,1.47,4.32,3.17,3.09875,2.85,2018-05-13,133,2018
2018-05-14,1.14,4.39,3.305,3.13083333333333,3.25,2018-05-14,134,2018
2018-05-15,0.94,4.52,3.46,3.21375,3.58,2018-05-15,135,2018
2019-04-14,1.4,4.63,3.27,3.19333333333333,3.23,2019-04-14,104,2019
2019-04-15,1.32,4.59,3.155,3.08416666666667,3.27,2019-04-15,105,2019
2019-04-16,1.44,4.7,3.025,3.05291666666667,3.26,2019-04-16,106,2019
2019-04-17,1.48,4.62,2.81,2.95416666666667,3.14,2019-04-17,107,2019
2019-04-18,1.53,4.57,2.885,2.92958333333333,3.04,2019-04-18,108,2019
2019-04-19,1.3,4.64,3.1,3.0325,3.34,2019-04-19,109,2019
2019-04-20,0.92,4.51,3.205,3.04583333333333,3.59,2019-04-20,110,2019
2019-04-21,0.69,4.43,3.19,3.00875,3.74,2019-04-21,111,2019
2019-04-22,0.75,4.38,3.225,3.02708333333333,3.63,2019-04-22,112,2019
2019-04-23,0.83,4.4,3.34,3.06958333333333,3.57,2019-04-23,113,2019
2019-04-24,0.88,4.43,3.33,3.01291666666667,3.55,2019-04-24,114,2019
2019-04-25,1.08,4.3,3.22,2.97208333333333,3.22,2019-04-25,115,2019
2019-04-26,1.18,4.35,3.145,3.0075,3.17,2019-04-26,116,2019
2019-04-27,1.46,4.25,3.04,3.00375,2.79,2019-04-27,117,2019
2019-04-28,1.71,4.08,2.86,2.90166666666667,2.37,2019-04-28,118,2019
2019-04-29,1.76,4.11,2.85,2.88125,2.35,2019-04-29,119,2019
2019-04-30,1.97,4.1,2.79,2.89041666666667,2.13,2019-04-30,120,2019
2019-05-01,2.1,4.16,2.93,2.95416666666667,2.06,2019-05-01,121,2019
2019-05-02,1.82,4.22,2.99,2.98,2.4,2019-05-02,122,2019
2019-05-03,1.46,4.2,3.025,2.94375,2.74,2019-05-03,123,2019
2019-05-04,1.24,4.17,3.01,2.97,2.93,2019-05-04,124,2019
2019-05-05,1.01,4.25,3.24,3.02958333333333,3.24,2019-05-05,125,2019
2019-05-06,0.82,4.3,3.265,3.03041666666667,3.48,2019-05-06,126,2019
2019-05-07,0.64,4.37,3.43,3.03166666666667,3.73,2019-05-07,127,2019
2019-05-08,0.61,4.4,3.44,3.01416666666667,3.79,2019-05-08,128,2019
2019-05-09,0.76,4.44,3.45,3.06541666666667,3.68,2019-05-09,129,2019
2019-05-10,0.94,4.54,3.5,3.1425,3.6,2019-05-10,130,2019
2019-05-11,1.02,4.62,3.42,3.17583333333333,3.6,2019-05-11,131,2019
2019-05-12,1.23,4.7,3.265,3.18083333333333,3.47,2019-05-12,132,2019
2019-05-13,1.49,4.69,3.125,3.13708333333333,3.2,2019-05-13,133,2019
2019-05-14,1.75,4.69,3.05,3.12333333333333,2.94,2019-05-14,134,2019
2019-05-15,1.87,4.62,2.995,3.0775,2.75,2019-05-15,135,2019
2019-05-16,1.56,4.71,3.135,3.15958333333333,3.15,2019-05-16,136,2019
2019-05-17,1.21,4.66,3.2,3.1525,3.45,2019-05-17,137,2019
2019-05-18,0.95,4.62,3.3,3.1625,3.67,2019-05-18,138,2019
2019-05-19,0.83,4.66,3.595,3.25333333333333,3.83,2019-05-19,139,2019
2019-05-20,0.78,4.78,3.6,3.27625,4,2019-05-20,140,2019
2020-04-13,0.81,4.35,3.315,2.98041666666667,3.54,2020-04-13,104,2020
2020-04-14,0.77,4.3,3.285,2.96916666666667,3.53,2020-04-14,105,2020
2020-04-15,1.08,4.38,3.115,2.97208333333333,3.3,2020-04-15,106,2020
2020-04-16,1.36,4.29,2.975,2.925,2.93,2020-04-16,107,2020
2020-04-17,1.55,4.32,3.09,2.98083333333333,2.77,2020-04-17,108,2020
2020-04-18,1.77,4.36,2.875,3.01083333333333,2.59,2020-04-18,109,2020
2020-04-19,1.86,4.26,2.91,2.97166666666667,2.4,2020-04-19,110,2020
2020-04-20,2.05,4.28,2.96,2.98708333333333,2.23,2020-04-20,111,2020
2020-04-21,1.76,4.17,2.935,2.97875,2.41,2020-04-21,112,2020
2020-04-22,1.61,4.15,3.02,2.98125,2.54,2020-04-22,113,2020
2020-04-23,1.3,4.12,3.17,3.02166666666667,2.82,2020-04-23,114,2020
2020-04-24,1.16,4.12,3.225,3.01458333333333,2.96,2020-04-24,115,2020
2020-04-25,1.21,4.23,3.365,3.11791666666667,3.02,2020-04-25,116,2020
2020-04-26,1.03,4.38,3.355,3.09791666666667,3.35,2020-04-26,117,2020
2020-04-27,1.04,4.46,3.54,3.19041666666667,3.42,2020-04-27,118,2020
2020-04-28,0.99,4.39,3.445,3.1,3.4,2020-04-28,119,2020
2020-04-29,1.24,4.32,3.455,3.09583333333333,3.08,2020-04-29,120,2020
2020-04-30,1.24,4.49,3.405,3.15625,3.25,2020-04-30,121,2020
2020-05-01,1.29,4.42,3.18,3.07208333333333,3.13,2020-05-01,122,2020
2020-05-02,1.43,4.53,3.25,3.13416666666667,3.1,2020-05-02,123,2020
2020-05-03,1.69,4.54,3.04,3.06166666666667,2.85,2020-05-03,124,2020
2020-05-04,1.64,4.5,2.755,2.9375,2.86,2020-05-04,125,2020
2020-05-05,1.46,4.55,2.925,2.93833333333333,3.09,2020-05-05,126,2020
2020-05-06,1.02,4.67,3.065,2.97958333333333,3.65,2020-05-06,127,2020
2020-05-07,0.55,4.45,2.95,2.86125,3.9,2020-05-07,128,2020
2020-05-08,0.34,4.5,3.285,2.955,4.16,2020-05-08,129,2020
2020-05-09,0.36,4.52,3.4,3.05166666666667,4.16,2020-05-09,130,2020
2020-05-10,0.54,4.71,3.575,3.16791666666667,4.17,2020-05-10,131,2020
2020-05-11,0.81,4.79,3.67,3.27666666666667,3.98,2020-05-11,132,2020
2020-05-12,1.13,4.85,3.615,3.31083333333333,3.72,2020-05-12,133,2020
2020-05-13,1.28,4.86,3.575,3.36166666666667,3.58,2020-05-13,134,2020
2020-05-14,1.49,4.79,3.285,3.29916666666667,3.3,2020-05-14,135,2020
2020-05-15,1.8,4.64,3.09,3.21916666666667,2.84,2020-05-15,136,2020
2020-05-16,2.06,4.58,3.2,3.2325,2.52,2020-05-16,137,2020
2020-05-17,2.43,4.61,3.14,3.28,2.18,2020-05-17,138,2020
2020-05-18,2.14,4.44,3.17,3.21375,2.3,2020-05-18,139,2020
2020-05-19,1.74,4.36,3.21,3.1575,2.62,2020-05-19,140,2020
2021-04-14,1.03,3.91,2.965,2.84166666666667,2.88,2021-04-14,104,2021
2021-04-15,1.07,4.05,3.115,2.94625,2.98,2021-04-15,105,2021
2021-04-16,1.01,4.11,3.24,2.9775,3.1,2021-04-16,106,2021
2021-04-17,1.13,4.12,3.365,3.0075,2.99,2021-04-17,107,2021
2021-04-18,1.26,4.12,3.455,3.045,2.86,2021-04-18,108,2021
2021-04-19,1.32,4.19,3.44,3.06458333333333,2.87,2021-04-19,109,2021
2021-04-20,1.35,4.2,3.29,3.04708333333333,2.85,2021-04-20,110,2021
2021-04-21,1.45,4.29,3.175,3.04875,2.84,2021-04-21,111,2021
2021-04-22,1.59,4.34,3.105,3.02958333333333,2.75,2021-04-22,112,2021
2021-04-23,1.58,4.36,2.95,2.98958333333333,2.78,2021-04-23,113,2021
2021-04-24,1.68,4.46,2.955,3.02083333333333,2.78,2021-04-24,114,2021
2021-04-25,1.87,4.58,2.97,3.05583333333333,2.71,2021-04-25,115,2021
2021-04-26,1.29,4.67,3.045,3.06958333333333,3.38,2021-04-26,116,2021
2021-04-27,0.82,4.67,3.045,3.03416666666667,3.85,2021-04-27,117,2021
2021-04-28,0.45,4.6,3.37,3.02625,4.15,2021-04-28,118,2021
2021-04-29,0.28,4.51,3.425,3.04416666666667,4.23,2021-04-29,119,2021
2021-04-30,0.35,4.64,3.585,3.13875,4.29,2021-04-30,120,2021
2021-05-01,0.53,4.71,3.655,3.18083333333333,4.18,2021-05-01,121,2021
2021-05-02,0.75,4.67,3.53,3.12,3.92,2021-05-02,122,2021
2021-05-03,0.74,4.62,3.345,3.08041666666667,3.88,2021-05-03,123,2021
2021-05-04,1.09,4.54,3.075,3.01291666666667,3.45,2021-05-04,124,2021
2021-05-05,1.38,4.48,3.03,2.99041666666667,3.1,2021-05-05,125,2021
2021-05-06,1.78,4.53,2.97,3.07041666666667,2.75,2021-05-06,126,2021
2021-05-07,2.07,4.4,2.895,2.99291666666667,2.33,2021-05-07,127,2021
2021-05-08,1.68,4.24,2.87,2.90375,2.56,2021-05-08,128,2021
2021-05-09,1.48,4.14,2.955,2.91125,2.66,2021-05-09,129,2021
2021-05-10,1.18,4.08,3.01,2.92166666666667,2.9,2021-05-10,130,2021
2021-05-11,1.03,4,3.14,2.91166666666667,2.97,2021-05-11,131,2021
2021-05-12,0.93,4.14,3.345,2.98208333333333,3.21,2021-05-12,132,2021
2021-05-13,0.83,4.26,3.395,2.97875,3.43,2021-05-13,133,2021
2021-05-14,0.8,4.32,3.435,3.02041666666667,3.52,2021-05-14,134,2021
2021-05-15,0.88,4.35,3.51,3.03916666666667,3.47,2021-05-15,135,2021
2021-05-16,0.98,4.37,3.525,3.07333333333333,3.39,2021-05-16,136,2021
2021-05-17,1.17,4.42,3.59,3.14833333333333,3.25,2021-05-17,137,2021
2021-05-18,1.31,4.48,3.535,3.17375,3.17,2021-05-18,138,2021
2021-05-19,1.29,4.37,3.2,3.0725,3.08,2021-05-19,139,2021
2021-05-20,1.5,4.38,3.03,3.04333333333333,2.88,2021-05-20,140,2021
2022-04-14,1.66,4.34,2.915,2.9525,2.68,2022-04-14,104,2022
2022-04-15,1.77,4.28,2.89,2.91791666666667,2.51,2022-04-15,105,2022
2022-04-16,1.46,4.38,2.98,2.92291666666667,2.92,2022-04-16,106,2022
2022-04-17,0.92,4.34,3.075,2.91666666666667,3.42,2022-04-17,107,2022
2022-04-18,0.98,4.62,3.205,3.11875,3.64,2022-04-18,108,2022
2022-04-19,0.66,4.67,3.635,3.26333333333333,4.01,2022-04-19,109,2022
2022-04-20,0.66,4.57,3.615,3.2425,3.91,2022-04-20,110,2022
2022-04-21,0.78,4.78,3.83,3.37541666666667,4,2022-04-21,111,2022
2022-04-22,0.93,4.66,3.69,3.24041666666667,3.73,2022-04-22,112,2022
2022-04-23,0.81,4.6,3.455,3.10125,3.79,2022-04-23,113,2022
2022-04-24,0.96,4.59,3.265,3.05791666666667,3.63,2022-04-24,114,2022
2022-04-25,1.32,4.7,3.14,3.09791666666667,3.38,2022-04-25,115,2022
2022-04-26,1.52,4.61,3.02,3.02625,3.09,2022-04-26,116,2022
2022-04-27,1.78,4.5,2.9,2.96041666666667,2.72,2022-04-27,117,2022
2022-04-28,1.73,4.45,2.955,2.95666666666667,2.72,2022-04-28,118,2022
2022-04-29,1.29,4.3,2.99,2.91875,3.01,2022-04-29,119,2022
2022-04-30,1.19,4.34,3.085,3.02041666666667,3.15,2022-04-30,120,2022
2022-05-01,0.91,4.23,3.275,3.01583333333333,3.32,2022-05-01,121,2022
2022-05-02,1,4.42,3.46,3.16833333333333,3.42,2022-05-02,122,2022
2022-05-03,0.78,4.45,3.415,3.06041666666667,3.67,2022-05-03,123,2022
2022-05-04,0.94,4.36,3.44,3.05041666666667,3.42,2022-05-04,124,2022
2022-05-05,1.18,4.5,3.62,3.19583333333333,3.32,2022-05-05,125,2022
2022-05-06,1.34,4.58,3.6,3.23666666666667,3.24,2022-05-06,126,2022
2022-05-07,1.47,4.52,3.545,3.22625,3.05,2022-05-07,127,2022
2022-05-08,1.49,4.44,3.37,3.19708333333333,2.95,2022-05-08,128,2022
2022-05-09,1.7,4.44,3.13,3.16666666666667,2.74,2022-05-09,129,2022
2022-05-10,1.84,4.35,2.96,3.07291666666667,2.51,2022-05-10,130,2022
2022-05-11,1.88,4.3,2.945,2.98333333333333,2.42,2022-05-11,131,2022
2022-05-12,2.12,4.36,2.925,3.07541666666667,2.24,2022-05-12,132,2022
2022-05-13,1.65,4.41,3.045,3.03875,2.76,2022-05-13,133,2022
2022-05-14,1.26,4.48,3.055,3.02625,3.22,2022-05-14,134,2022
2022-05-15,0.84,4.56,3.25,3.06416666666667,3.72,2022-05-15,135,2022
2022-05-16,0.58,4.66,3.565,3.16125,4.08,2022-05-16,136,2022
2022-05-17,0.18,4.61,3.6,3.0925,4.43,2022-05-17,137,2022
2022-05-18,0.45,4.67,3.68,3.24208333333333,4.22,2022-05-18,138,2022
2022-05-19,0.24,4.8,3.795,3.19875,4.56,2022-05-19,139,2022
2022-05-20,0.41,4.69,3.52,3.0625,4.28,2022-05-20,140,2022
